ticker,entry_date,entry_price,exit_date,exit_price,shares,pnl,return_pct,exit_reason,sizing_method,initial_risk_dollars,r_multiple,entry_log,exit_log
AAPL,2012-01-31,13.664921760559082,2012-04-13,18.117822647094727,146.36015010145016,651.7272421402374,32.58636210701187,trend_exit,atr_unit,60.97514005516516,10.688409104933742,"Entered long AAPL at $13.66, sized to risk 1.0% of equity (N=$0.21, stop 2.0N away) because price closed above its 20-day moving average, with volume above its 20-day average (volume confirmation).","Exited AAPL at $18.12 (+32.59%, up, +10.7R) because price closed back below its 20-day moving average (trend exit)."
SPY,2012-01-31,102.02481079101562,2012-03-06,104.68965911865234,19.60307482556117,52.239221165434174,2.6119610582717074,trend_exit,atr_unit,40.587724043785194,1.2870694870468615,"Entered long SPY at $102.02, sized to risk 1.0% of equity (N=$1.04, stop 2.0N away) because price closed above its 20-day moving average, with volume above its 20-day average (volume confirmation).","Exited SPY at $104.69 (+2.61%, up, +1.3R) because price closed back below its 20-day moving average (trend exit)."
MSFT,2012-02-14,23.741100311279297,2012-03-21,25.043922424316406,79.33811555476846,103.36345135144597,5.487623134375723,trend_exit,atr_unit,64.42080441475976,1.6045042015613806,"Entered long MSFT at $23.74, sized to risk 1.0% of equity (N=$0.41, stop 2.0N away) because price closed above its 20-day moving average, with volume above its 20-day average (volume confirmation).","Exited MSFT at $25.04 (+5.49%, up, +1.6R) because price closed back below its 20-day moving average (trend exit)."
SPY,2012-03-13,108.81510925292969,2012-04-05,109.081298828125,17.386152873501686,4.628012647678361,0.2446255644301949,trend_exit,atr_unit,33.8905967970791,0.1365574255121182,"Entered long SPY at $108.82, sized to risk 1.0% of equity (N=$0.97, stop 2.0N away) because price closed above its 20-day moving average, with volume above its 20-day average (volume confirmation).","Exited SPY at $109.08 (+0.24%, up, +0.1R) because price closed back below its 20-day moving average (trend exit)."
MSFT,2012-04-20,25.444171905517578,2012-05-04,24.314029693603516,84.98573242983177,-96.04596362938673,-4.441654521556627,stop_loss,atr_unit,81.0396261923272,-1.1851728363288072,"Entered long MSFT at $25.44, sized to risk 1.0% of equity (N=$0.48, stop 2.0N away) because price closed above its 20-day moving average, with volume above its 20-day average (volume confirmation).","Exited MSFT at $24.31 (-4.44%, down, -1.2R) because price dropped 2.0N from entry (N = ATR-based volatility unit), triggering the stop-loss."
AAPL,2012-04-25,18.260610580444336,2012-04-27,18.051063537597656,90.44948953306817,-18.953423058646194,-1.1475357952766811,trend_exit,atr_unit,107.97285030893254,-0.17553878594865796,"Entered long AAPL at $18.26, sized to risk 1.0% of equity (N=$0.60, stop 2.0N away) because price closed above its 20-day moving average, with volume above its 20-day average (volume confirmation).","Exited AAPL at $18.05 (-1.15%, down, -0.2R) because price closed back below its 20-day moving average (trend exit)."
AAPL,2012-05-23,17.0799560546875,2012-05-24,16.923093795776367,121.35661513879401,-19.03627278448039,-0.918399663376668,trend_exit,atr_unit,106.96958540616765,-0.17795967622197398,"Entered long AAPL at $17.08, sized to risk 1.0% of equity (N=$0.44, stop 2.0N away) because price closed above its 20-day moving average, with volume above its 20-day average (volume confirmation).","Exited AAPL at $16.92 (-0.92%, down, -0.2R) because price closed back below its 20-day moving average (trend exit)."
AAPL,2012-05-30,17.337709426879883,2012-06-01,16.793474197387695,123.1756976071769,-67.03655405510244,-3.139026131378237,trend_exit,atr_unit,105.80744508250218,-0.6335712387992304,"Entered long AAPL at $17.34, sized to risk 1.0% of equity (N=$0.43, stop 2.0N away) because price closed above its 20-day moving average, with volume above its 20-day average (volume confirmation).","Exited AAPL at $16.79 (-3.14%, down, -0.6R) because price closed back below its 20-day moving average (trend exit)."
AAPL,2012-06-04,16.89225959777832,2012-06-25,17.08624267578125,119.38285047527945,23.158252795958106,1.1483548241730932,trend_exit,atr_unit,106.1088571377718,0.2182499502929281,"Entered long AAPL at $16.89, sized to risk 1.0% of equity (N=$0.44, stop 2.0N away) because price closed above its 20-day moving average, with volume above its 20-day average (volume confirmation).","Exited AAPL at $17.09 (+1.15%, up, +0.2R) because price closed back below its 20-day moving average (trend exit)."
SPY,2012-06-14,104.14964294433594,2012-06-25,103.00289154052734,20.425916978732985,-23.42344896943996,-1.1010612916085456,trend_exit,atr_unit,67.00671507471709,-0.3495686804422692,"Entered long SPY at $104.15, sized to risk 1.0% of equity (N=$1.64, stop 2.0N away) because price closed above its 20-day moving average, with volume above its 20-day average (volume confirmation).","Exited SPY at $103.00 (-1.10%, down, -0.3R) because price closed back below its 20-day moving average (trend exit)."
MSFT,2012-06-15,23.715192794799805,2012-07-09,23.69939422607422,89.96603009141045,-1.4213345093671705,-0.0666179223685257,trend_exit,atr_unit,85.92519415078594,-0.016541533870414536,"Entered long MSFT at $23.72, sized to risk 1.0% of equity (N=$0.48, stop 2.0N away) because price closed above its 20-day moving average, with volume above its 20-day average (volume confirmation).","Exited MSFT at $23.70 (-0.07%, down, -0.0R) because price closed back below its 20-day moving average (trend exit)."
SPY,2012-06-29,106.75218200683594,2012-07-10,105.21479797363281,19.954873715609565,-30.67830423496298,-1.4401429594241715,trend_exit,atr_unit,63.177579192357385,-0.48558847342910133,"Entered long SPY at $106.75, sized to risk 1.0% of equity (N=$1.58, stop 2.0N away) because price closed above its 20-day moving average, with volume above its 20-day average (volume confirmation).","Exited SPY at $105.21 (-1.44%, down, -0.5R) because price closed back below its 20-day moving average (trend exit)."
AAPL,2012-06-29,17.48228645324707,2012-07-25,17.211971282958984,119.34250374779147,-32.26008922319079,-1.5462232071931241,trend_exit,atr_unit,72.0692220894264,-0.44762643869197266,"Entered long AAPL at $17.48, sized to risk 1.0% of equity (N=$0.30, stop 2.0N away) because price closed above its 20-day moving average, with volume above its 20-day average (volume confirmation).","Exited AAPL at $17.21 (-1.55%, down, -0.4R) because price closed back below its 20-day moving average (trend exit)."
MSFT,2012-07-18,24.05488395690918,2012-07-23,23.13060188293457,88.61441178689707,-81.9047123104333,-3.8423884132233854,trend_exit,atr_unit,93.59515454768228,-0.8750956468446958,"Entered long MSFT at $24.05, sized to risk 1.0% of equity (N=$0.53, stop 2.0N away) because price closed above its 20-day moving average, with volume above its 20-day average (volume confirmation).","Exited MSFT at $23.13 (-3.84%, down, -0.9R) because price closed back below its 20-day moving average (trend exit)."
SPY,2012-07-20,107.04242706298828,2012-07-23,105.95995330810547,19.70577728245012,-21.330986727818072,-1.01125673677582,trend_exit,atr_unit,51.99564883178831,-0.41024561106692176,"Entered long SPY at $107.04, sized to risk 1.0% of equity (N=$1.32, stop 2.0N away) because price closed above its 20-day moving average, with volume above its 20-day average (volume confirmation).","Exited SPY at $105.96 (-1.01%, down, -0.4R) because price closed back below its 20-day moving average (trend exit)."
SPY,2012-07-26,106.80705261230469,2012-08-30,110.19549560546875,19.554935437652627,66.26078396548974,3.1724899342215327,trend_exit,atr_unit,54.465834125071005,1.2165568567872063,"Entered long SPY at $106.81, sized to risk 1.0% of equity (N=$1.39, stop 2.0N away) because price closed above its 20-day moving average, with volume above its 20-day average (volume confirmation).","Exited SPY at $110.20 (+3.17%, up, +1.2R) because price closed back below its 20-day moving average (trend exit)."
AAPL,2012-07-31,18.283363342285156,2012-09-11,19.859943389892578,114.49366526162166,180.50842822891582,8.623030774437217,trend_exit,atr_unit,82.78253559400179,2.1805134009690206,"Entered long AAPL at $18.28, sized to risk 1.0% of equity (N=$0.36, stop 2.0N away) because price closed above its 20-day moving average, with volume above its 20-day average (volume confirmation).","Exited AAPL at $19.86 (+8.62%, up, +2.2R) because price closed back below its 20-day moving average (trend exit)."
MSFT,2012-08-22,24.285808563232422,2012-08-30,24.11086082458496,80.9366534066081,-14.15968448717922,-0.7203702450011223,trend_exit,atr_unit,56.252525173577126,-0.25171642416917295,"Entered long MSFT at $24.29, sized to risk 1.0% of equity (N=$0.35, stop 2.0N away) because price closed above its 20-day moving average, with volume above its 20-day average (volume confirmation).","Exited MSFT at $24.11 (-0.72%, down, -0.3R) because price closed back below its 20-day moving average (trend exit)."
MSFT,2012-08-31,24.50846290588379,2012-09-04,24.166521072387695,81.06636275759996,-27.719980716193277,-1.3951990168016746,trend_exit,atr_unit,50.833104818381166,-0.5453135474457539,"Entered long MSFT at $24.51, sized to risk 1.0% of equity (N=$0.31, stop 2.0N away) because price closed above its 20-day moving average, with volume above its 20-day average (volume confirmation).","Exited MSFT at $24.17 (-1.40%, down, -0.5R) because price closed back below its 20-day moving average (trend exit)."
SPY,2012-08-31,110.7210464477539,2012-09-04,110.6191177368164,19.31275389506465,-1.9685241091774515,-0.0920590205815994,trend_exit,atr_unit,30.948117733785185,-0.0636072321460917,"Entered long SPY at $110.72, sized to risk 1.0% of equity (N=$0.80, stop 2.0N away) because price closed above its 20-day moving average, with volume above its 20-day average (volume confirmation).","Exited SPY at $110.62 (-0.09%, down, -0.1R) because price closed back below its 20-day moving average (trend exit)."
MSFT,2012-09-06,24.929931640625,2012-09-24,24.476659774780273,78.30574500292037,-35.4937911438351,-1.8181833483493777,trend_exit,atr_unit,53.88378305091171,-0.6587100818496548,"Entered long MSFT at $24.93, sized to risk 1.0% of equity (N=$0.34, stop 2.0N away) because price closed above its 20-day moving average, with volume above its 20-day average (volume confirmation).","Exited MSFT at $24.48 (-1.82%, down, -0.7R) because price closed back below its 20-day moving average (trend exit)."
SPY,2012-09-06,112.76824188232422,2012-09-26,112.99171447753906,18.976830786546525,4.24080162482278,0.19816979628718662,trend_exit,atr_unit,33.505735131811484,0.12656942485038683,"Entered long SPY at $112.77, sized to risk 1.0% of equity (N=$0.88, stop 2.0N away) because price closed above its 20-day moving average, with volume above its 20-day average (volume confirmation).","Exited SPY at $112.99 (+0.20%, up, +0.1R) because price closed back below its 20-day moving average (trend exit)."
AAPL,2012-09-12,20.136533737182617,2012-09-25,20.24927520751953,105.47675610387004,11.891604569518222,0.5598851908098468,trend_exit,atr_unit,76.26036610846572,0.15593427066170518,"Entered long AAPL at $20.14, sized to risk 1.0% of equity (N=$0.36, stop 2.0N away) because price closed above its 20-day moving average, with volume above its 20-day average (volume confirmation).","Exited AAPL at $20.25 (+0.56%, up, +0.2R) because price closed back below its 20-day moving average (trend exit)."
AAPL,2012-09-27,20.483177185058594,2012-09-28,20.055662155151367,103.75914471200127,-44.35859385469939,-2.0871519395881437,trend_exit,atr_unit,74.01084388998586,-0.5993526289287642,"Entered long AAPL at $20.48, sized to risk 1.0% of equity (N=$0.36, stop 2.0N away) because price closed above its 20-day moving average, with volume above its 20-day average (volume confirmation).","Exited AAPL at $20.06 (-2.09%, down, -0.6R) because price closed back below its 20-day moving average (trend exit)."
SPY,2012-10-01,113.82758331298828,2012-10-09,113.70932006835938,18.59343021555322,-2.198919386072248,-0.10389682464198625,trend_exit,atr_unit,37.68814482497735,-0.058345121424362115,"Entered long SPY at $113.83, sized to risk 1.0% of equity (N=$1.01, stop 2.0N away) because price closed above its 20-day moving average, with volume above its 20-day average (volume confirmation).","Exited SPY at $113.71 (-0.10%, down, -0.1R) because price closed back below its 20-day moving average (trend exit)."
SPY,2012-10-17,115.28642272949219,2012-10-19,113.07056427001953,18.354333432852663,-40.670605005168454,-1.9220463320923242,stop_loss,atr_unit,38.01262983430565,-1.069923474972627,"Entered long SPY at $115.29, sized to risk 1.0% of equity (N=$1.04, stop 2.0N away) because price closed above its 20-day moving average, with volume above its 20-day average (volume confirmation).","Exited SPY at $113.07 (-1.92%, down, -1.1R) because price dropped 2.0N from entry (N = ATR-based volatility unit), triggering the stop-loss."
MSFT,2012-11-01,23.474693298339844,2012-11-08,22.910085678100586,89.7933487465815,-50.69800894912123,-2.405175705870404,trend_exit,atr_unit,77.04573036736615,-0.6580248990746815,"Entered long MSFT at $23.47, sized to risk 1.0% of equity (N=$0.43, stop 2.0N away) because price closed above its 20-day moving average, with volume above its 20-day average (volume confirmation).","Exited MSFT at $22.91 (-2.41%, down, -0.7R) because price closed back below its 20-day moving average (trend exit)."
SPY,2012-11-28,111.54865264892578,2012-12-26,112.57015228271484,18.805531671181924,19.209843715320858,0.9157435876917333,trend_exit,atr_unit,54.52650157675995,0.3523028831820084,"Entered long SPY at $111.55, sized to risk 1.0% of equity (N=$1.45, stop 2.0N away) because price closed above its 20-day moving average, with volume above its 20-day average (volume confirmation).","Exited SPY at $112.57 (+0.92%, up, +0.4R) because price closed back below its 20-day moving average (trend exit)."
MSFT,2012-12-21,22.00796890258789,2012-12-26,21.534940719604492,95.63262741303005,-45.23692797911417,-2.1493495609573294,trend_exit,atr_unit,78.20661538031959,-0.5784284073556504,"Entered long MSFT at $22.01, sized to risk 1.0% of equity (N=$0.41, stop 2.0N away) because price closed above its 20-day moving average, with volume above its 20-day average (volume confirmation).","Exited MSFT at $21.53 (-2.15%, down, -0.6R) because price closed back below its 20-day moving average (trend exit)."
SPY,2012-12-31,113.09428405761719,2013-02-21,119.45536804199219,18.502493922223554,117.69591775965182,5.624584865079718,trend_exit,atr_unit,42.5538271955458,2.7658127486115114,"Entered long SPY at $113.09, sized to risk 1.0% of equity (N=$1.15, stop 2.0N away) because price closed above its 20-day moving average, with volume above its 20-day average (volume confirmation).","Exited SPY at $119.46 (+5.62%, up, +2.8R) because price closed back below its 20-day moving average (trend exit)."
AAPL,2012-12-31,16.07221221923828,2013-01-04,15.9160737991333,104.46930129161487,-16.311671653144003,-0.9714805776275423,trend_exit,atr_unit,104.62631517071432,-0.15590410143498737,"Entered long AAPL at $16.07, sized to risk 1.0% of equity (N=$0.50, stop 2.0N away) because price closed above its 20-day moving average, with volume above its 20-day average (volume confirmation).","Exited AAPL at $15.92 (-0.97%, down, -0.2R) because price closed back below its 20-day moving average (trend exit)."
MSFT,2013-01-02,22.144262313842773,2013-01-04,21.438732147216797,95.46001001275003,-67.34991677041285,-3.1860630831894414,trend_exit,atr_unit,79.90225176900306,-0.8429038641504255,"Entered long MSFT at $22.14, sized to risk 1.0% of equity (N=$0.42, stop 2.0N away) because price closed above its 20-day moving average, with volume above its 20-day average (volume confirmation).","Exited MSFT at $21.44 (-3.19%, down, -0.8R) because price closed back below its 20-day moving average (trend exit)."
MSFT,2013-01-17,21.847625732421875,2013-02-06,21.91977882385254,95.76424383602424,6.9096862412889095,0.3302559844001212,trend_exit,atr_unit,73.93805926144442,0.0934523614807945,"Entered long MSFT at $21.85, sized to risk 1.0% of equity (N=$0.39, stop 2.0N away) because price closed above its 20-day moving average, with volume above its 20-day average (volume confirmation).","Exited MSFT at $21.92 (+0.33%, up, +0.1R) because price closed back below its 20-day moving average (trend exit)."
MSFT,2013-02-15,22.45694923400879,2013-02-21,22.222511291503906,93.76526048833306,-21.982134747319378,-1.0439438592569383,trend_exit,atr_unit,63.974660979659554,-0.3436068970230025,"Entered long MSFT at $22.46, sized to risk 1.0% of equity (N=$0.34, stop 2.0N away) because price closed above its 20-day moving average, with volume above its 20-day average (volume confirmation).","Exited MSFT at $22.22 (-1.04%, down, -0.3R) because price closed back below its 20-day moving average (trend exit)."
SPY,2013-02-27,120.63863372802734,2013-04-03,123.823486328125,17.376843676017796,55.342685763056124,2.6399939237356733,trend_exit,atr_unit,39.53643309990236,1.399789546599053,"Entered long SPY at $120.64, sized to risk 1.0% of equity (N=$1.14, stop 2.0N away) because price closed above its 20-day moving average, with volume above its 20-day average (volume confirmation).","Exited SPY at $123.82 (+2.64%, up, +1.4R) because price closed back below its 20-day moving average (trend exit)."
MSFT,2013-03-05,22.917736053466797,2013-06-13,28.263957977294922,91.75807815951705,490.5590491447447,23.32787981917348,trend_exit,atr_unit,54.875389704898225,8.939509163995185,"Entered long MSFT at $22.92, sized to risk 1.0% of equity (N=$0.30, stop 2.0N away) because price closed above its 20-day moving average, with volume above its 20-day average (volume confirmation).","Exited MSFT at $28.26 (+23.33%, up, +8.9R) because price closed back below its 20-day moving average (trend exit)."
AAPL,2013-03-15,13.477189064025879,2013-04-01,13.029121398925781,153.85137781453267,-68.93582762979077,-3.3246373778053373,trend_exit,atr_unit,96.20586250803802,-0.7165449779532007,"Entered long AAPL at $13.48, sized to risk 1.0% of equity (N=$0.31, stop 2.0N away) because price closed above its 20-day moving average, with volume above its 20-day average (volume confirmation).","Exited AAPL at $13.03 (-3.32%, down, -0.7R) because price closed back below its 20-day moving average (trend exit)."
SPY,2013-04-04,124.32600402832031,2013-04-05,123.76763153076172,16.869428869129155,-9.419425130042328,-0.449119636654132,trend_exit,atr_unit,33.261013061075296,-0.2831971808178535,"Entered long SPY at $124.33, sized to risk 1.0% of equity (N=$0.99, stop 2.0N away) because price closed above its 20-day moving average, with volume above its 20-day average (volume confirmation).","Exited SPY at $123.77 (-0.45%, down, -0.3R) because price closed back below its 20-day moving average (trend exit)."
SPY,2013-04-10,126.56747436523438,2013-04-15,123.73572540283203,16.75270904064451,-47.43946644327343,-2.237343343227974,stop_loss,atr_unit,38.061341684352385,-1.2463950124694774,"Entered long SPY at $126.57, sized to risk 1.0% of equity (N=$1.14, stop 2.0N away) because price closed above its 20-day moving average, with volume above its 20-day average (volume confirmation).","Exited SPY at $123.74 (-2.24%, down, -1.2R) because price dropped 2.0N from entry (N = ATR-based volatility unit), triggering the stop-loss."
SPY,2013-04-16,125.56239318847656,2013-04-17,123.72777557373047,16.656467509316855,-30.558248692038887,-1.4611202989674021,trend_exit,atr_unit,43.646197841249986,-0.7001354116384981,"Entered long SPY at $125.56, sized to risk 1.0% of equity (N=$1.31, stop 2.0N away) because price closed above its 20-day moving average, with volume above its 20-day average (volume confirmation).","Exited SPY at $123.73 (-1.46%, down, -0.7R) because price closed back below its 20-day moving average (trend exit)."
SPY,2013-04-23,125.85757446289062,2013-05-31,130.3804473876953,16.76097529497353,75.80776135495626,3.5936438026129816,trend_exit,atr_unit,46.54059261799373,1.628852515419993,"Entered long SPY at $125.86, sized to risk 1.0% of equity (N=$1.39, stop 2.0N away) because price closed above its 20-day moving average, with volume above its 20-day average (volume confirmation).","Exited SPY at $130.38 (+3.59%, up, +1.6R) because price closed back below its 20-day moving average (trend exit)."
AAPL,2013-04-29,13.065877914428711,2013-05-15,13.113526344299316,143.9966298265883,6.8612133178958175,0.36467836438290213,trend_exit,atr_unit,98.90133755666044,0.0693743228089816,"Entered long AAPL at $13.07, sized to risk 1.0% of equity (N=$0.34, stop 2.0N away) because price closed above its 20-day moving average, with volume above its 20-day average (volume confirmation).","Exited AAPL at $13.11 (+0.36%, up, +0.1R) because price closed back below its 20-day moving average (trend exit)."
AAPL,2013-05-16,13.288741111755371,2013-05-17,13.24837589263916,135.6449958660191,-5.475339980149329,-0.3037550267308873,trend_exit,atr_unit,102.03105202100866,-0.05366346687302539,"Entered long AAPL at $13.29, sized to risk 1.0% of equity (N=$0.38, stop 2.0N away) because price closed above its 20-day moving average, with volume above its 20-day average (volume confirmation).","Exited AAPL at $13.25 (-0.30%, down, -0.1R) because price closed back below its 20-day moving average (trend exit)."
MSFT,2013-06-17,28.49189567565918,2013-06-19,28.158132553100586,76.8522805519051,-25.650457132753218,-1.1714317866316275,trend_exit,atr_unit,75.19956929212094,-0.3410984580657798,"Entered long MSFT at $28.49, sized to risk 1.0% of equity (N=$0.49, stop 2.0N away) because price closed above its 20-day moving average, with volume above its 20-day average (volume confirmation).","Exited MSFT at $28.16 (-1.17%, down, -0.3R) because price closed back below its 20-day moving average (trend exit)."
AAPL,2013-07-09,12.914766311645508,2013-09-10,15.225149154663086,169.15033658216322,390.8020355300787,17.889466888256887,trend_exit,atr_unit,100.89684646503,3.873282954046809,"Entered long AAPL at $12.91, sized to risk 1.0% of equity (N=$0.30, stop 2.0N away) because price closed above its 20-day moving average, with volume above its 20-day average (volume confirmation).","Exited AAPL at $15.23 (+17.89%, up, +3.9R) because price closed back below its 20-day moving average (trend exit)."
MSFT,2013-07-11,29.05358123779297,2013-07-19,25.561294555664062,75.36583611063377,-263.1991057366761,-12.020159076245413,stop_loss,atr_unit,86.50604230113113,-3.0425516962210457,"Entered long MSFT at $29.05, sized to risk 1.0% of equity (N=$0.57, stop 2.0N away) because price closed above its 20-day moving average, with volume above its 20-day average (volume confirmation).","Exited MSFT at $25.56 (-12.02%, down, -3.0R) because price dropped 2.0N from entry (N = ATR-based volatility unit), triggering the stop-loss."
SPY,2013-07-24,135.13587951660156,2013-08-12,135.60902404785156,15.91496852532959,7.530080322775575,0.3501250244883142,trend_exit,atr_unit,35.759497065237504,0.2105756775336673,"Entered long SPY at $135.14, sized to risk 1.0% of equity (N=$1.12, stop 2.0N away) because price closed above its 20-day moving average, with volume above its 20-day average (volume confirmation).","Exited SPY at $135.61 (+0.35%, up, +0.2R) because price closed back below its 20-day moving average (trend exit)."
MSFT,2013-08-08,26.774240493774414,2013-08-19,25.73322296142578,73.49055583133618,-76.50495708246717,-3.888130954044025,trend_exit,atr_unit,86.68683118707628,-0.8825441654149763,"Entered long MSFT at $26.77, sized to risk 1.0% of equity (N=$0.59, stop 2.0N away) because price closed above its 20-day moving average, with volume above its 20-day average (volume confirmation).","Exited MSFT at $25.73 (-3.89%, down, -0.9R) because price closed back below its 20-day moving average (trend exit)."
MSFT,2013-08-23,28.487709045410156,2013-08-27,27.26622772216797,77.32829688701993,-94.45507040562188,-4.287748520932709,stop_loss,atr_unit,92.69224130224163,-1.0190180869360166,"Entered long MSFT at $28.49, sized to risk 1.0% of equity (N=$0.60, stop 2.0N away) because price closed above its 20-day moving average, with volume above its 20-day average (volume confirmation).","Exited MSFT at $27.27 (-4.29%, down, -1.0R) because price dropped 2.0N from entry (N = ATR-based volatility unit), triggering the stop-loss."
MSFT,2013-08-27,27.26622772216797,2013-09-03,26.134918212890625,79.62493930216424,-90.0804510081698,-4.1491236734503145,trend_exit,atr_unit,101.4870720279451,-0.8876051817059575,"Entered long MSFT at $27.27, sized to risk 1.0% of equity (N=$0.64, stop 2.0N away) because price closed above its 20-day moving average, with volume above its 20-day average (volume confirmation).","Exited MSFT at $26.13 (-4.15%, down, -0.9R) because price closed back below its 20-day moving average (trend exit)."
SPY,2013-09-06,133.1471710205078,2013-09-30,135.38365173339844,16.24580735993416,36.3334348258295,1.6797057689991433,trend_exit,atr_unit,41.479594501428394,0.8759351498621405,"Entered long SPY at $133.15, sized to risk 1.0% of equity (N=$1.28, stop 2.0N away) because price closed above its 20-day moving average, with volume above its 20-day average (volume confirmation).","Exited SPY at $135.38 (+1.68%, up, +0.9R) because price closed back below its 20-day moving average (trend exit)."
MSFT,2013-09-17,26.995695114135742,2013-09-24,26.60219955444336,80.47436572570282,-31.666305582125005,-1.457623365609641,trend_exit,atr_unit,105.62115396983357,-0.29981025951647156,"Entered long MSFT at $27.00, sized to risk 1.0% of equity (N=$0.66, stop 2.0N away) because price closed above its 20-day moving average, with volume above its 20-day average (volume confirmation).","Exited MSFT at $26.60 (-1.46%, down, -0.3R) because price closed back below its 20-day moving average (trend exit)."
AAPL,2013-09-23,15.102025985717773,2013-09-30,14.674490928649902,135.15367690194813,-57.782934967206984,-2.8309781579782594,trend_exit,atr_unit,108.45710340630538,-0.5327722496030413,"Entered long AAPL at $15.10, sized to risk 1.0% of equity (N=$0.40, stop 2.0N away) because price closed above its 20-day moving average, with volume above its 20-day average (volume confirmation).","Exited AAPL at $14.67 (-2.83%, down, -0.5R) because price closed back below its 20-day moving average (trend exit)."
SPY,2013-10-01,136.4553985595703,2013-10-03,135.06936645507812,15.74677467037747,-21.825535235347616,-1.0157400287003726,trend_exit,atr_unit,35.96813611025055,-0.6068019529409967,"Entered long SPY at $136.46, sized to risk 1.0% of equity (N=$1.14, stop 2.0N away) because price closed above its 20-day moving average, with volume above its 20-day average (volume confirmation).","Exited SPY at $135.07 (-1.02%, down, -0.6R) because price closed back below its 20-day moving average (trend exit)."
SPY,2013-10-10,136.318359375,2013-12-05,144.19113159179688,15.730583293832533,123.84329910969382,5.775283867039186,trend_exit,atr_unit,41.93716599329487,2.9530679094885555,"Entered long SPY at $136.32, sized to risk 1.0% of equity (N=$1.33, stop 2.0N away) because price closed above its 20-day moving average, with volume above its 20-day average (volume confirmation).","Exited SPY at $144.19 (+5.78%, up, +3.0R) because price closed back below its 20-day moving average (trend exit)."
MSFT,2013-10-15,28.274566650390625,2013-10-23,27.676111221313477,75.88837937493045,-45.41581264079332,-2.116585680965266,trend_exit,atr_unit,72.8508169534677,-0.6234084192878983,"Entered long MSFT at $28.27, sized to risk 1.0% of equity (N=$0.48, stop 2.0N away) because price closed above its 20-day moving average, with volume above its 20-day average (volume confirmation).","Exited MSFT at $27.68 (-2.12%, down, -0.6R) because price closed back below its 20-day moving average (trend exit)."
AAPL,2013-10-21,16.047597885131836,2013-11-07,15.866671562194824,131.11389185344495,-23.721954339004697,-1.1274355466286994,trend_exit,atr_unit,65.50331702423516,-0.36214890202015204,"Entered long AAPL at $16.05, sized to risk 1.0% of equity (N=$0.25, stop 2.0N away) because price closed above its 20-day moving average, with volume above its 20-day average (volume confirmation).","Exited AAPL at $15.87 (-1.13%, down, -0.4R) because price closed back below its 20-day moving average (trend exit)."
MSFT,2013-10-25,29.291105270385742,2013-12-11,31.066160202026367,72.22737978810511,128.20756669235607,6.06004763307878,trend_exit,atr_unit,78.98769792158787,1.6231333494442315,"Entered long MSFT at $29.29, sized to risk 1.0% of equity (N=$0.55, stop 2.0N away) because price closed above its 20-day moving average, with volume above its 20-day average (volume confirmation).","Exited MSFT at $31.07 (+6.06%, up, +1.6R) because price closed back below its 20-day moving average (trend exit)."
AAPL,2013-11-26,16.51405143737793,2013-12-19,16.856460571289062,122.816297300441,42.05342198881635,2.073441125029582,trend_exit,atr_unit,56.521901143179626,0.7440199486971936,"Entered long AAPL at $16.51, sized to risk 1.0% of equity (N=$0.23, stop 2.0N away) because price closed above its 20-day moving average, with volume above its 20-day average (volume confirmation).","Exited AAPL at $16.86 (+2.07%, up, +0.7R) because price closed back below its 20-day moving average (trend exit)."
SPY,2013-12-06,145.802734375,2013-12-11,144.01382446289062,15.158444471508975,-27.117091567241914,-1.2269385205824437,trend_exit,atr_unit,32.503597874293924,-0.8342796902704722,"Entered long SPY at $145.80, sized to risk 1.0% of equity (N=$1.07, stop 2.0N away) because price closed above its 20-day moving average, with volume above its 20-day average (volume confirmation).","Exited SPY at $144.01 (-1.23%, down, -0.8R) because price closed back below its 20-day moving average (trend exit)."
SPY,2013-12-18,146.4151611328125,2014-01-13,147.2019500732422,14.948833246309036,11.761576670523482,0.5373684899448322,trend_exit,atr_unit,34.51155324524145,0.34080113946031104,"Entered long SPY at $146.42, sized to risk 1.0% of equity (N=$1.15, stop 2.0N away) because price closed above its 20-day moving average, with volume above its 20-day average (volume confirmation).","Exited SPY at $147.20 (+0.54%, up, +0.3R) because price closed back below its 20-day moving average (trend exit)."
AAPL,2013-12-23,17.649967193603516,2013-12-30,17.167922973632812,123.9846078351393,-59.76606357226319,-2.7311338014577142,trend_exit,atr_unit,79.58494538318274,-0.7509719744670765,"Entered long AAPL at $17.65, sized to risk 1.0% of equity (N=$0.32, stop 2.0N away) because price closed above its 20-day moving average, with volume above its 20-day average (volume confirmation).","Exited AAPL at $17.17 (-2.73%, down, -0.8R) because price closed back below its 20-day moving average (trend exit)."
SPY,2014-01-14,148.80609130859375,2014-01-23,148.09317016601562,14.611876946531158,-10.417116007931781,-0.47909405879069206,trend_exit,atr_unit,33.86412557394982,-0.3076150891651905,"Entered long SPY at $148.81, sized to risk 1.0% of equity (N=$1.16, stop 2.0N away) because price closed above its 20-day moving average, with volume above its 20-day average (volume confirmation).","Exited SPY at $148.09 (-0.48%, down, -0.3R) because price closed back below its 20-day moving average (trend exit)."
MSFT,2014-01-15,30.36403465270996,2014-01-17,30.05016326904297,71.37735148492243,-22.403308073057815,-1.0336945905144377,trend_exit,atr_unit,77.82486318102778,-0.287868261598426,"Entered long MSFT at $30.36, sized to risk 1.0% of equity (N=$0.55, stop 2.0N away) because price closed above its 20-day moving average, with volume above its 20-day average (volume confirmation).","Exited MSFT at $30.05 (-1.03%, down, -0.3R) because price closed back below its 20-day moving average (trend exit)."
AAPL,2014-01-15,17.255849838256836,2014-01-17,16.739126205444336,126.14158614194763,-65.1803386399979,-2.9944838281271156,trend_exit,atr_unit,77.74757880295984,-0.8383584369255818,"Entered long AAPL at $17.26, sized to risk 1.0% of equity (N=$0.31, stop 2.0N away) because price closed above its 20-day moving average, with volume above its 20-day average (volume confirmation).","Exited AAPL at $16.74 (-2.99%, down, -0.8R) because price closed back below its 20-day moving average (trend exit)."
AAPL,2014-01-22,17.074731826782227,2014-01-24,16.90630340576172,126.4038130506034,-21.28999464308481,-0.9864191293260771,trend_exit,atr_unit,78.97367308111039,-0.26958344233550835,"Entered long AAPL at $17.07, sized to risk 1.0% of equity (N=$0.31, stop 2.0N away) because price closed above its 20-day moving average, with volume above its 20-day average (volume confirmation).","Exited AAPL at $16.91 (-0.99%, down, -0.3R) because price closed back below its 20-day moving average (trend exit)."
MSFT,2014-01-24,30.405344009399414,2014-01-27,29.761051177978516,70.72697953878912,-45.56888590489416,-2.119011813257971,trend_exit,atr_unit,82.25683434094479,-0.5539829762475,"Entered long MSFT at $30.41, sized to risk 1.0% of equity (N=$0.58, stop 2.0N away) because price closed above its 20-day moving average, with volume above its 20-day average (volume confirmation).","Exited MSFT at $29.76 (-2.12%, down, -0.6R) because price closed back below its 20-day moving average (trend exit)."
AAPL,2014-01-27,17.043466567993164,2014-01-28,15.68122673034668,125.64136280016183,-171.15366966257557,-7.992739224804814,stop_loss,atr_unit,77.91387777230794,-2.196703264632104,"Entered long AAPL at $17.04, sized to risk 1.0% of equity (N=$0.31, stop 2.0N away) because price closed above its 20-day moving average, with volume above its 20-day average (volume confirmation).","Exited AAPL at $15.68 (-7.99%, down, -2.2R) because price dropped 2.0N from entry (N = ATR-based volatility unit), triggering the stop-loss."
MSFT,2014-01-29,30.28144073486328,2014-02-05,29.587600708007812,69.58498609622566,-48.280848621742734,-2.291304541717676,trend_exit,atr_unit,87.76852119228498,-0.5500929942293105,"Entered long MSFT at $30.28, sized to risk 1.0% of equity (N=$0.63, stop 2.0N away) because price closed above its 20-day moving average, with volume above its 20-day average (volume confirmation).","Exited MSFT at $29.59 (-2.29%, down, -0.6R) because price closed back below its 20-day moving average (trend exit)."
MSFT,2014-02-26,31.182588577270508,2014-03-14,31.37399673461914,67.26437920916159,12.874950879624976,0.6138302369423984,trend_exit,atr_unit,73.43247314787804,0.17533048156634257,"Entered long MSFT at $31.18, sized to risk 1.0% of equity (N=$0.55, stop 2.0N away) because price closed above its 20-day moving average, with volume above its 20-day average (volume confirmation).","Exited MSFT at $31.37 (+0.61%, up, +0.2R) because price closed back below its 20-day moving average (trend exit)."
AAPL,2014-02-28,16.389896392822266,2014-03-07,16.52070426940918,126.25244523989878,16.514814275736626,0.798100692352147,trend_exit,atr_unit,71.04676611919464,0.23244990838893134,"Entered long AAPL at $16.39, sized to risk 1.0% of equity (N=$0.28, stop 2.0N away) because price closed above its 20-day moving average, with volume above its 20-day average (volume confirmation).","Exited AAPL at $16.52 (+0.80%, up, +0.2R) because price closed back below its 20-day moving average (trend exit)."
SPY,2014-02-28,150.92880249023438,2014-03-13,150.02951049804688,13.959441471806409,-12.553613931005657,-0.5958385525822265,trend_exit,atr_unit,43.06739281914164,-0.2914876687270957,"Entered long SPY at $150.93, sized to risk 1.0% of equity (N=$1.54, stop 2.0N away) because price closed above its 20-day moving average, with volume above its 20-day average (volume confirmation).","Exited SPY at $150.03 (-0.60%, down, -0.3R) because price closed back below its 20-day moving average (trend exit)."
AAPL,2014-03-11,16.696678161621094,2014-03-13,16.527246475219727,124.66038236352577,-21.121418811291278,-1.0147628454073103,trend_exit,atr_unit,62.44337636527474,-0.33824914731928346,"Entered long AAPL at $16.70, sized to risk 1.0% of equity (N=$0.25, stop 2.0N away) because price closed above its 20-day moving average, with volume above its 20-day average (volume confirmation).","Exited AAPL at $16.53 (-1.01%, down, -0.3R) because price closed back below its 20-day moving average (trend exit)."
MSFT,2014-03-18,32.91356658935547,2014-04-10,32.75544738769531,63.700796556805614,-10.072319096677802,-0.48040737618296697,trend_exit,atr_unit,68.17328690508967,-0.147745833506611,"Entered long MSFT at $32.91, sized to risk 1.0% of equity (N=$0.54, stop 2.0N away) because price closed above its 20-day moving average, with volume above its 20-day average (volume confirmation).","Exited MSFT at $32.76 (-0.48%, down, -0.1R) because price closed back below its 20-day moving average (trend exit)."
SPY,2014-03-19,151.22854614257812,2014-03-24,150.8950958251953,13.844289573488867,-4.616382752219579,-0.22049429548071953,trend_exit,atr_unit,39.7508466510792,-0.11613294158840887,"Entered long SPY at $151.23, sized to risk 1.0% of equity (N=$1.44, stop 2.0N away) because price closed above its 20-day moving average, with volume above its 20-day average (volume confirmation).","Exited SPY at $150.90 (-0.22%, down, -0.1R) because price closed back below its 20-day moving average (trend exit)."
AAPL,2014-03-21,16.596389770507812,2014-04-04,16.563688278198242,125.63156550365204,-4.108339673156934,-0.19703979456834436,trend_exit,atr_unit,57.91756509348401,-0.07093426090212382,"Entered long AAPL at $16.60, sized to risk 1.0% of equity (N=$0.23, stop 2.0N away) because price closed above its 20-day moving average, with volume above its 20-day average (volume confirmation).","Exited AAPL at $16.56 (-0.20%, down, -0.1R) because price closed back below its 20-day moving average (trend exit)."
SPY,2014-04-04,151.68447875976562,2014-04-07,150.008056640625,13.833110925581643,-23.190133132171013,-1.105203467650572,trend_exit,atr_unit,43.92831170923454,-0.5279085908347354,"Entered long SPY at $151.68, sized to risk 1.0% of equity (N=$1.59, stop 2.0N away) because price closed above its 20-day moving average, with volume above its 20-day average (volume confirmation).","Exited SPY at $150.01 (-1.11%, down, -0.5R) because price closed back below its 20-day moving average (trend exit)."
AAPL,2014-04-24,17.68335723876953,2014-06-20,19.930627822875977,118.08973523185283,265.37958827146167,12.708393286199415,trend_exit,atr_unit,65.05152346906104,4.07952918116788,"Entered long AAPL at $17.68, sized to risk 1.0% of equity (N=$0.28, stop 2.0N away) because price closed above its 20-day moving average, with volume above its 20-day average (volume confirmation).","Exited AAPL at $19.93 (+12.71%, up, +4.1R) because price closed back below its 20-day moving average (trend exit)."
MSFT,2014-04-28,34.01207733154297,2014-05-01,33.28805923461914,59.68882569549861,-43.21578998767313,-2.1287088402929455,trend_exit,atr_unit,80.52035260738323,-0.5367064175487789,"Entered long MSFT at $34.01, sized to risk 1.0% of equity (N=$0.67, stop 2.0N away) because price closed above its 20-day moving average, with volume above its 20-day average (volume confirmation).","Exited MSFT at $33.29 (-2.13%, down, -0.5R) because price closed back below its 20-day moving average (trend exit)."
SPY,2014-04-28,152.07508850097656,2014-05-15,152.49819946289062,13.858835579813709,5.863825253183677,0.27822503086121525,trend_exit,atr_unit,43.622379485211724,0.134422407085142,"Entered long SPY at $152.08, sized to risk 1.0% of equity (N=$1.57, stop 2.0N away) because price closed above its 20-day moving average, with volume above its 20-day average (volume confirmation).","Exited SPY at $152.50 (+0.28%, up, +0.1R) because price closed back below its 20-day moving average (trend exit)."
SPY,2014-05-16,153.02716064453125,2014-05-20,152.62025451660156,13.75627600518815,-5.597513004003304,-0.2659045140848525,trend_exit,atr_unit,34.086496126183235,-0.16421497191386664,"Entered long SPY at $153.03, sized to risk 1.0% of equity (N=$1.24, stop 2.0N away) because price closed above its 20-day moving average, with volume above its 20-day average (volume confirmation).","Exited SPY at $152.62 (-0.27%, down, -0.2R) because price closed back below its 20-day moving average (trend exit)."
MSFT,2014-05-30,34.310691833496094,2014-07-10,34.939239501953125,62.086072597394576,39.02405617474642,1.8319294507591553,trend_exit,atr_unit,59.57184685543209,0.6550754800241347,"Entered long MSFT at $34.31, sized to risk 1.0% of equity (N=$0.48, stop 2.0N away) because price closed above its 20-day moving average, with volume above its 20-day average (volume confirmation).","Exited MSFT at $34.94 (+1.83%, up, +0.7R) because price closed back below its 20-day moving average (trend exit)."
SPY,2014-06-05,158.23519897460938,2014-07-17,160.02366638183594,11.959699359466295,21.389532504633962,1.1302588923426211,trend_exit,atr_unit,25.411096201450103,0.8417398578583695,"Entered long SPY at $158.24, sized to risk 1.0% of equity (N=$1.06, stop 2.0N away) because price closed above its 20-day moving average, with volume above its 20-day average (volume confirmation).","Exited SPY at $160.02 (+1.13%, up, +0.8R) because price closed back below its 20-day moving average (trend exit)."
AAPL,2014-06-27,20.16520881652832,2014-07-17,20.408554077148438,106.66065121604949,25.9553639680812,1.2067579504590122,trend_exit,atr_unit,64.48897835562461,0.4024775183280202,"Entered long AAPL at $20.17, sized to risk 1.0% of equity (N=$0.30, stop 2.0N away) because price closed above its 20-day moving average, with volume above its 20-day average (volume confirmation).","Exited AAPL at $20.41 (+1.21%, up, +0.4R) because price closed back below its 20-day moving average (trend exit)."
MSFT,2014-07-15,35.576171875,2014-07-31,36.171199798583984,60.809938387259265,36.183611371840925,1.672546235931924,trend_exit,atr_unit,57.1805626671054,0.6327956509014292,"Entered long MSFT at $35.58, sized to risk 1.0% of equity (N=$0.47, stop 2.0N away) because price closed above its 20-day moving average, with volume above its 20-day average (volume confirmation).","Exited MSFT at $36.17 (+1.67%, up, +0.6R) because price closed back below its 20-day moving average (trend exit)."
AAPL,2014-07-18,20.702335357666016,2014-07-31,20.958837509155273,99.89626909306531,25.62360794812139,1.2390010453302593,trend_exit,atr_unit,69.81960482716846,0.36699732133331464,"Entered long AAPL at $20.70, sized to risk 1.0% of equity (N=$0.35, stop 2.0N away) because price closed above its 20-day moving average, with volume above its 20-day average (volume confirmation).","Exited AAPL at $20.96 (+1.24%, up, +0.4R) because price closed back below its 20-day moving average (trend exit)."
SPY,2014-07-18,161.65896606445312,2014-07-29,161.03759765625,13.440728982407666,-8.351644372888131,-0.3843699012372667,trend_exit,atr_unit,29.636294781555833,-0.28180460595518786,"Entered long SPY at $161.66, sized to risk 1.0% of equity (N=$1.10, stop 2.0N away) because price closed above its 20-day moving average, with volume above its 20-day average (volume confirmation).","Exited SPY at $161.04 (-0.38%, down, -0.3R) because price closed back below its 20-day moving average (trend exit)."
MSFT,2014-08-15,37.537261962890625,2014-09-25,38.82585144042969,57.56077531968384,74.17220939593471,3.4328275696106005,trend_exit,atr_unit,61.02367883239879,1.2154660422825097,"Entered long MSFT at $37.54, sized to risk 1.0% of equity (N=$0.53, stop 2.0N away) because price closed above its 20-day moving average, with volume above its 20-day average (volume confirmation).","Exited MSFT at $38.83 (+3.43%, up, +1.2R) because price closed back below its 20-day moving average (trend exit)."
AAPL,2014-08-15,21.58746910095215,2014-09-03,21.79897117614746,100.08926437174439,21.16908711939641,0.9797446574502978,trend_exit,atr_unit,63.51758236786661,0.3332791698020578,"Entered long AAPL at $21.59, sized to risk 1.0% of equity (N=$0.32, stop 2.0N away) because price closed above its 20-day moving average, with volume above its 20-day average (volume confirmation).","Exited AAPL at $21.80 (+0.98%, up, +0.3R) because price closed back below its 20-day moving average (trend exit)."
SPY,2014-08-15,160.03184509277344,2014-09-12,162.8200225830078,13.501524654105436,37.644647124421226,1.7422641653715962,trend_exit,atr_unit,38.84844656262359,0.9690129324408933,"Entered long SPY at $160.03, sized to risk 1.0% of equity (N=$1.44, stop 2.0N away) because price closed above its 20-day moving average, with volume above its 20-day average (volume confirmation).","Exited SPY at $162.82 (+1.74%, up, +1.0R) because price closed back below its 20-day moving average (trend exit)."
AAPL,2014-09-10,22.25284194946289,2014-09-25,21.563228607177734,94.77280034770077,-65.35658760550177,-3.098989980027253,trend_exit,atr_unit,75.10840162174539,-0.8701634729846219,"Entered long AAPL at $22.25, sized to risk 1.0% of equity (N=$0.40, stop 2.0N away) because price closed above its 20-day moving average, with volume above its 20-day average (volume confirmation).","Exited AAPL at $21.56 (-3.10%, down, -0.9R) because price closed back below its 20-day moving average (trend exit)."
SPY,2014-09-16,163.92385864257812,2014-09-22,163.59750366210938,13.38228909281626,-4.36737669551303,-0.19908937184082456,trend_exit,atr_unit,27.475527180389577,-0.1589551555039937,"Entered long SPY at $163.92, sized to risk 1.0% of equity (N=$1.03, stop 2.0N away) because price closed above its 20-day moving average, with volume above its 20-day average (volume confirmation).","Exited SPY at $163.60 (-0.20%, down, -0.2R) because price closed back below its 20-day moving average (trend exit)."
SPY,2014-09-24,163.9343719482422,2014-09-25,161.28921508789062,13.352446328595674,-35.31931500856081,-1.6135462190849756,stop_loss,atr_unit,31.795552085453437,-1.1108256561684142,"Entered long SPY at $163.93, sized to risk 1.0% of equity (N=$1.19, stop 2.0N away) because price closed above its 20-day moving average, with volume above its 20-day average (volume confirmation).","Exited SPY at $161.29 (-1.61%, down, -1.1R) because price dropped 2.0N from entry (N = ATR-based volatility unit), triggering the stop-loss."
AAPL,2014-10-08,22.208776473999023,2014-10-13,21.99065589904785,97.54082749062088,-21.2756613734673,-0.9821368376890868,trend_exit,atr_unit,81.70780775305512,-0.26038712772429984,"Entered long AAPL at $22.21, sized to risk 1.0% of equity (N=$0.42, stop 2.0N away) because price closed above its 20-day moving average, with volume above its 20-day average (volume confirmation).","Exited AAPL at $21.99 (-0.98%, down, -0.3R) because price closed back below its 20-day moving average (trend exit)."
AAPL,2014-10-20,21.979637145996094,2014-12-08,24.871931076049805,98.36410347416701,284.4978994135081,13.15897032713565,trend_exit,atr_unit,95.48733638965452,2.979430678143115,"Entered long AAPL at $21.98, sized to risk 1.0% of equity (N=$0.49, stop 2.0N away) because price closed above its 20-day moving average, with volume above its 20-day average (volume confirmation).","Exited AAPL at $24.87 (+13.16%, up, +3.0R) because price closed back below its 20-day moving average (trend exit)."
MSFT,2014-10-24,38.90175247192383,2014-11-24,40.386104583740234,56.18444541367832,83.39750020102701,3.8156433000998935,trend_exit,atr_unit,97.93611685481825,0.851549998910581,"Entered long MSFT at $38.90, sized to risk 1.0% of equity (N=$0.87, stop 2.0N away) because price closed above its 20-day moving average, with volume above its 20-day average (volume confirmation).","Exited MSFT at $40.39 (+3.82%, up, +0.9R) because price closed back below its 20-day moving average (trend exit)."
SPY,2014-11-21,169.78329467773438,2014-12-10,166.8917236328125,11.475272800969497,-33.18156656386304,-1.7030951427879668,stop_loss,atr_unit,28.63833796037248,-1.1586414899418094,"Entered long SPY at $169.78, sized to risk 1.0% of equity (N=$1.25, stop 2.0N away) because price closed above its 20-day moving average, with volume above its 20-day average (volume confirmation).","Exited SPY at $166.89 (-1.70%, down, -1.2R) because price dropped 2.0N from entry (N = ATR-based volatility unit), triggering the stop-loss."
MSFT,2014-12-01,41.26019287109375,2014-12-03,40.80192947387695,54.42230694678455,-24.93975126580881,-1.1106671232694336,trend_exit,atr_unit,65.74782401172168,-0.379324360017793,"Entered long MSFT at $41.26, sized to risk 1.0% of equity (N=$0.60, stop 2.0N away) because price closed above its 20-day moving average, with volume above its 20-day average (volume confirmation).","Exited MSFT at $40.80 (-1.11%, down, -0.4R) because price closed back below its 20-day moving average (trend exit)."
MSFT,2014-12-04,41.44687271118164,2014-12-08,40.479454040527344,54.187383734754036,-52.42188673890996,-2.334117407109715,trend_exit,atr_unit,68.59822824407118,-0.7641871821002999,"Entered long MSFT at $41.45, sized to risk 1.0% of equity (N=$0.63, stop 2.0N away) because price closed above its 20-day moving average, with volume above its 20-day average (volume confirmation).","Exited MSFT at $40.48 (-2.33%, down, -0.8R) because price closed back below its 20-day moving average (trend exit)."
SPY,2014-12-18,169.86549377441406,2015-01-05,166.6233673095703,13.030767417084444,-42.24739590015315,-1.9086433582263511,trend_exit,atr_unit,56.551854358029345,-0.7470558902045054,"Entered long SPY at $169.87, sized to risk 1.0% of equity (N=$2.17, stop 2.0N away) because price closed above its 20-day moving average, with volume above its 20-day average (volume confirmation).","Exited SPY at $166.62 (-1.91%, down, -0.7R) because price closed back below its 20-day moving average (trend exit)."
MSFT,2014-12-19,40.44550704956055,2014-12-29,40.26729965209961,54.7739745600101,-9.76112745493083,-0.44061110976447454,trend_exit,atr_unit,90.31552748987673,-0.10807806504839307,"Entered long MSFT at $40.45, sized to risk 1.0% of equity (N=$0.82, stop 2.0N away) because price closed above its 20-day moving average, with volume above its 20-day average (volume confirmation).","Exited MSFT at $40.27 (-0.44%, down, -0.1R) because price closed back below its 20-day moving average (trend exit)."
AAPL,2015-01-08,24.759084701538086,2015-01-12,24.174896240234375,88.98051214125532,-51.98138847381597,-2.3594913477048687,trend_exit,atr_unit,106.04856725732205,-0.49016587228081526,"Entered long AAPL at $24.76, sized to risk 1.0% of equity (N=$0.60, stop 2.0N away) because price closed above its 20-day moving average, with volume above its 20-day average (volume confirmation).","Exited AAPL at $24.17 (-2.36%, down, -0.5R) because price closed back below its 20-day moving average (trend exit)."
SPY,2015-01-09,168.71316528320312,2015-01-12,167.3915252685547,13.060916892620519,-17.26183039328498,-0.7833650755291818,trend_exit,atr_unit,65.27453001399925,-0.264449707865884,"Entered long SPY at $168.71, sized to risk 1.0% of equity (N=$2.50, stop 2.0N away) because price closed above its 20-day moving average, with volume above its 20-day average (volume confirmation).","Exited SPY at $167.39 (-0.78%, down, -0.3R) because price closed back below its 20-day moving average (trend exit)."
AAPL,2015-01-22,24.871931076049805,2015-01-27,24.150558471679688,88.02000079624918,-63.4952172110502,-2.900348196384141,trend_exit,atr_unit,105.66335761646683,-0.6009199276207267,"Entered long AAPL at $24.87, sized to risk 1.0% of equity (N=$0.60, stop 2.0N away) because price closed above its 20-day moving average, with volume above its 20-day average (volume confirmation).","Exited AAPL at $24.15 (-2.90%, down, -0.6R) because price closed back below its 20-day moving average (trend exit)."
SPY,2015-01-22,170.24122619628906,2015-01-27,167.4658660888672,12.859560765815722,-35.68991194841237,-1.6302514786999183,trend_exit,atr_unit,57.81639591689311,-0.61729741853356,"Entered long SPY at $170.24, sized to risk 1.0% of equity (N=$2.25, stop 2.0N away) because price closed above its 20-day moving average, with volume above its 20-day average (volume confirmation).","Exited SPY at $167.47 (-1.63%, down, -0.6R) because price closed back below its 20-day moving average (trend exit)."
MSFT,2015-01-22,39.99573516845703,2015-01-27,36.20237731933594,54.736520878973856,-207.63521110983606,-9.484405857634433,stop_loss,atr_unit,90.67215669017763,-2.2899555794102873,"Entered long MSFT at $40.00, sized to risk 1.0% of equity (N=$0.83, stop 2.0N away) because price closed above its 20-day moving average, with volume above its 20-day average (volume confirmation).","Exited MSFT at $36.20 (-9.48%, down, -2.3R) because price dropped 2.0N from entry (N = ATR-based volatility unit), triggering the stop-loss."
AAPL,2015-01-28,25.515869140625,2015-03-05,28.082473754882812,72.92672037193111,187.1740570092877,10.058856314525466,trend_exit,atr_unit,106.39316625321491,1.7592676635246938,"Entered long AAPL at $25.52, sized to risk 1.0% of equity (N=$0.73, stop 2.0N away) because price closed above its 20-day moving average, with volume above its 20-day average (volume confirmation).","Exited AAPL at $28.08 (+10.06%, up, +1.8R) because price closed back below its 20-day moving average (trend exit)."
SPY,2015-02-20,174.48699951171875,2015-03-06,171.3976593017578,12.466890493896242,-38.5144660959736,-1.7705274425063706,trend_exit,atr_unit,47.27738726441571,-0.8146487850643621,"Entered long SPY at $174.49, sized to risk 1.0% of equity (N=$1.90, stop 2.0N away) because price closed above its 20-day moving average, with volume above its 20-day average (volume confirmation).","Exited SPY at $171.40 (-1.77%, down, -0.8R) because price closed back below its 20-day moving average (trend exit)."
AAPL,2015-03-18,28.54010581970215,2015-03-19,28.32461929321289,75.5987121027948,-16.29050387809275,-0.7550305799514611,trend_exit,atr_unit,89.61564443559513,-0.18178191967140728,"Entered long AAPL at $28.54, sized to risk 1.0% of equity (N=$0.59, stop 2.0N away) because price closed above its 20-day moving average, with volume above its 20-day average (volume confirmation).","Exited AAPL at $28.32 (-0.76%, down, -0.2R) because price closed back below its 20-day moving average (trend exit)."
SPY,2015-03-18,173.84266662597656,2015-03-25,170.7191162109375,12.411195048503478,-38.766993444884065,-1.7967685814204624,trend_exit,atr_unit,40.586981369438675,-0.9551583324714799,"Entered long SPY at $173.84, sized to risk 1.0% of equity (N=$1.64, stop 2.0N away) because price closed above its 20-day moving average, with volume above its 20-day average (volume confirmation).","Exited SPY at $170.72 (-1.80%, down, -1.0R) because price closed back below its 20-day moving average (trend exit)."
MSFT,2015-03-20,36.64803695678711,2015-03-25,35.434417724609375,58.83427282683416,-71.40240501383778,-3.311553177073992,stop_loss,atr_unit,66.22343772494166,-1.078204446443975,"Entered long MSFT at $36.65, sized to risk 1.0% of equity (N=$0.56, stop 2.0N away) because price closed above its 20-day moving average, with volume above its 20-day average (volume confirmation).","Exited MSFT at $35.43 (-3.31%, down, -1.1R) because price dropped 2.0N from entry (N = ATR-based volatility unit), triggering the stop-loss."
MSFT,2015-04-17,35.5711669921875,2015-05-21,40.79161071777344,59.94470924296401,312.9379812495049,14.676054138826833,trend_exit,atr_unit,70.85465465959015,4.416618537666514,"Entered long MSFT at $35.57, sized to risk 1.0% of equity (N=$0.59, stop 2.0N away) because price closed above its 20-day moving average, with volume above its 20-day average (volume confirmation).","Exited MSFT at $40.79 (+14.68%, up, +4.4R) because price closed back below its 20-day moving average (trend exit)."
AAPL,2015-04-20,28.346832275390625,2015-04-30,27.802549362182617,75.68821471952263,-41.19580200305472,-1.9200837254768972,trend_exit,atr_unit,68.53568012880883,-0.6010854773109365,"Entered long AAPL at $28.35, sized to risk 1.0% of equity (N=$0.45, stop 2.0N away) because price closed above its 20-day moving average, with volume above its 20-day average (volume confirmation).","Exited AAPL at $27.80 (-1.92%, down, -0.6R) because price closed back below its 20-day moving average (trend exit)."
SPY,2015-04-23,175.19949340820312,2015-04-30,172.9593505859375,11.814620379688835,-26.466437041353174,-1.27862402949205,trend_exit,atr_unit,37.288811450455846,-0.709768855907839,"Entered long SPY at $175.20, sized to risk 1.0% of equity (N=$1.58, stop 2.0N away) because price closed above its 20-day moving average, with volume above its 20-day average (volume confirmation).","Exited SPY at $172.96 (-1.28%, down, -0.7R) because price closed back below its 20-day moving average (trend exit)."
SPY,2015-05-01,174.83436584472656,2015-05-05,173.3243865966797,12.531325179860056,-18.92204097211561,-0.8636627248603481,trend_exit,atr_unit,40.081034732307636,-0.4720946227683925,"Entered long SPY at $174.83, sized to risk 1.0% of equity (N=$1.60, stop 2.0N away) because price closed above its 20-day moving average, with volume above its 20-day average (volume confirmation).","Exited SPY at $173.32 (-0.86%, down, -0.5R) because price closed back below its 20-day moving average (trend exit)."
AAPL,2015-05-01,28.646739959716797,2015-05-05,27.946956634521484,65.93531905150151,-46.14043681367366,-2.442802658101242,trend_exit,atr_unit,71.86215641064004,-0.6420686369333891,"Entered long AAPL at $28.65, sized to risk 1.0% of equity (N=$0.54, stop 2.0N away) because price closed above its 20-day moving average, with volume above its 20-day average (volume confirmation).","Exited AAPL at $27.95 (-2.44%, down, -0.6R) because price closed back below its 20-day moving average (trend exit)."
AAPL,2015-05-08,28.469703674316406,2015-05-11,28.17969512939453,66.41375557884594,-19.26055661821806,-1.0186567034187386,trend_exit,atr_unit,75.98133518238727,-0.2534906312449577,"Entered long AAPL at $28.47, sized to risk 1.0% of equity (N=$0.57, stop 2.0N away) because price closed above its 20-day moving average, with volume above its 20-day average (volume confirmation).","Exited AAPL at $28.18 (-1.02%, down, -0.3R) because price closed back below its 20-day moving average (trend exit)."
SPY,2015-05-08,175.58111572265625,2015-05-12,174.22048950195312,12.350812645357289,-16.80483953226485,-0.774927426052092,trend_exit,atr_unit,42.25003643529455,-0.3977473382301403,"Entered long SPY at $175.58, sized to risk 1.0% of equity (N=$1.71, stop 2.0N away) because price closed above its 20-day moving average, with volume above its 20-day average (volume confirmation).","Exited SPY at $174.22 (-0.77%, down, -0.4R) because price closed back below its 20-day moving average (trend exit)."
AAPL,2015-05-26,28.915868759155273,2015-06-05,28.699478149414062,74.73864452884925,-16.17274086082898,-0.7483455245407347,trend_exit,atr_unit,87.08587847393197,-0.18571025686638828,"Entered long AAPL at $28.92, sized to risk 1.0% of equity (N=$0.58, stop 2.0N away) because price closed above its 20-day moving average, with volume above its 20-day average (volume confirmation).","Exited AAPL at $28.70 (-0.75%, down, -0.2R) because price closed back below its 20-day moving average (trend exit)."
MSFT,2015-06-18,40.18946075439453,2015-06-19,39.6561164855957,53.69313864270352,-28.636927768906844,-1.3270749564374522,trend_exit,atr_unit,75.47093128606551,-0.3794431482548062,"Entered long MSFT at $40.19, sized to risk 1.0% of equity (N=$0.70, stop 2.0N away) because price closed above its 20-day moving average, with volume above its 20-day average (volume confirmation).","Exited MSFT at $39.66 (-1.33%, down, -0.4R) because price closed back below its 20-day moving average (trend exit)."
SPY,2015-06-18,176.54359436035156,2015-06-25,174.9678497314453,12.22303361432989,-19.26037956672053,-0.892552706098145,trend_exit,atr_unit,36.35695706795202,-0.529757744321738,"Entered long SPY at $176.54, sized to risk 1.0% of equity (N=$1.49, stop 2.0N away) because price closed above its 20-day moving average, with volume above its 20-day average (volume confirmation).","Exited SPY at $174.97 (-0.89%, down, -0.5R) because price closed back below its 20-day moving average (trend exit)."
AAPL,2015-07-17,28.915868759155273,2015-07-22,27.934310913085938,74.29549652088097,-72.92532753768774,-3.394530021715351,stop_loss,atr_unit,66.44500862582318,-1.0975290551673742,"Entered long AAPL at $28.92, sized to risk 1.0% of equity (N=$0.45, stop 2.0N away) because price closed above its 20-day moving average, with volume above its 20-day average (volume confirmation).","Exited AAPL at $27.93 (-3.39%, down, -1.1R) because price dropped 2.0N from entry (N = ATR-based volatility unit), triggering the stop-loss."
MSFT,2015-07-20,40.36149978637695,2015-07-28,39.002349853515625,53.4281460904313,-72.61686117171485,-3.3674415967071574,stop_loss,atr_unit,72.24919226259405,-1.0050888999254757,"Entered long MSFT at $40.36, sized to risk 1.0% of equity (N=$0.68, stop 2.0N away) because price closed above its 20-day moving average, with volume above its 20-day average (volume confirmation).","Exited MSFT at $39.00 (-3.37%, down, -1.0R) because price dropped 2.0N from entry (N = ATR-based volatility unit), triggering the stop-loss."
SPY,2015-07-28,174.5259552001953,2015-08-04,174.56768798828125,12.14266603853442,0.5067473085846359,0.02391208117902385,trend_exit,atr_unit,41.86209150697171,0.012105159831783422,"Entered long SPY at $174.53, sized to risk 1.0% of equity (N=$1.72, stop 2.0N away) because price closed above its 20-day moving average, with volume above its 20-day average (volume confirmation).","Exited SPY at $174.57 (+0.02%, up, +0.0R) because price closed back below its 20-day moving average (trend exit)."
MSFT,2015-07-29,39.81956100463867,2015-08-11,39.92279815673828,53.29355663637324,5.501875012398614,0.25926240645290655,trend_exit,atr_unit,82.33604065735733,0.06682219558376325,"Entered long MSFT at $39.82, sized to risk 1.0% of equity (N=$0.77, stop 2.0N away) because price closed above its 20-day moving average, with volume above its 20-day average (volume confirmation).","Exited MSFT at $39.92 (+0.26%, up, +0.1R) because price closed back below its 20-day moving average (trend exit)."
MSFT,2015-08-19,40.359230041503906,2015-08-20,39.53662872314453,52.5384679374665,-43.21821298994155,-2.0381987404453525,trend_exit,atr_unit,84.42891116229372,-0.5118887877976446,"Entered long MSFT at $40.36, sized to risk 1.0% of equity (N=$0.80, stop 2.0N away) because price closed above its 20-day moving average, with volume above its 20-day average (volume confirmation).","Exited MSFT at $39.54 (-2.04%, down, -0.5R) because price closed back below its 20-day moving average (trend exit)."
SPY,2015-09-17,166.52210998535156,2015-09-22,162.51025390625,12.681610094324203,-50.87679454971021,-2.4092032460160837,trend_exit,atr_unit,100.21224475509368,-0.5076903992525744,"Entered long SPY at $166.52, sized to risk 1.0% of equity (N=$3.95, stop 2.0N away) because price closed above its 20-day moving average, with volume above its 20-day average (volume confirmation).","Exited SPY at $162.51 (-2.41%, down, -0.5R) because price closed back below its 20-day moving average (trend exit)."
MSFT,2015-09-18,37.648983001708984,2015-09-28,37.484466552734375,43.05470520697751,-7.083207212300522,-0.43697448339345996,trend_exit,atr_unit,105.24332492161855,-0.06730314932159204,"Entered long MSFT at $37.65, sized to risk 1.0% of equity (N=$1.22, stop 2.0N away) because price closed above its 20-day moving average, with volume above its 20-day average (volume confirmation).","Exited MSFT at $37.48 (-0.44%, down, -0.1R) because price closed back below its 20-day moving average (trend exit)."
AAPL,2015-09-18,25.423187255859375,2015-09-28,25.196855545043945,55.28478486846053,-12.51269994134168,-0.890257026145556,trend_exit,atr_unit,105.24332492161854,-0.1188930504681479,"Entered long AAPL at $25.42, sized to risk 1.0% of equity (N=$0.95, stop 2.0N away) because price closed above its 20-day moving average, with volume above its 20-day average (volume confirmation).","Exited AAPL at $25.20 (-0.89%, down, -0.1R) because price closed back below its 20-day moving average (trend exit)."
MSFT,2015-09-30,38.324371337890625,2015-12-11,47.12563705444336,54.7347251200386,481.7348597039336,22.965192668016655,trend_exit,atr_unit,89.67006381184022,5.372304191896029,"Entered long MSFT at $38.32, sized to risk 1.0% of equity (N=$0.82, stop 2.0N away) because price closed above its 20-day moving average, with volume above its 20-day average (volume confirmation).","Exited MSFT at $47.13 (+22.97%, up, +5.4R) because price closed back below its 20-day moving average (trend exit)."
SPY,2015-10-02,163.42369079589844,2015-11-12,171.6703338623047,12.911784199796786,106.47887564618804,5.046173554301603,trend_exit,atr_unit,73.38183327435264,1.451025013889957,"Entered long SPY at $163.42, sized to risk 1.0% of equity (N=$2.84, stop 2.0N away) because price closed above its 20-day moving average, with volume above its 20-day average (volume confirmation).","Exited SPY at $171.67 (+5.05%, up, +1.5R) because price closed back below its 20-day moving average (trend exit)."
AAPL,2015-10-23,26.684829711914062,2015-11-11,26.130643844604492,69.9978806164739,-38.79183617927242,-2.0767824763826064,trend_exit,atr_unit,78.71193823640779,-0.49283294311420556,"Entered long AAPL at $26.68, sized to risk 1.0% of equity (N=$0.56, stop 2.0N away) because price closed above its 20-day moving average, with volume above its 20-day average (volume confirmation).","Exited AAPL at $26.13 (-2.08%, down, -0.5R) because price closed back below its 20-day moving average (trend exit)."
SPY,2015-11-18,174.930419921875,2015-12-03,172.31564331054688,12.608181301610372,-32.96757757883552,-1.4947523778287963,trend_exit,atr_unit,46.936570225709694,-0.7023857393137216,"Entered long SPY at $174.93, sized to risk 1.0% of equity (N=$1.86, stop 2.0N away) because price closed above its 20-day moving average, with volume above its 20-day average (volume confirmation).","Exited SPY at $172.32 (-1.49%, down, -0.7R) because price closed back below its 20-day moving average (trend exit)."
AAPL,2015-11-30,26.62351417541504,2015-12-01,26.407459259033203,68.82434750024362,-14.86983864419949,-0.8115191516728758,trend_exit,atr_unit,69.57789754661108,-0.2137149751361487,"Entered long AAPL at $26.62, sized to risk 1.0% of equity (N=$0.51, stop 2.0N away) because price closed above its 20-day moving average, with volume above its 20-day average (volume confirmation).","Exited AAPL at $26.41 (-0.81%, down, -0.2R) because price closed back below its 20-day moving average (trend exit)."
SPY,2015-12-04,175.67628479003906,2015-12-08,173.43869018554688,12.612089238775745,-28.220742832058477,-1.2737032816731448,trend_exit,atr_unit,47.58526803189797,-0.5930562966072017,"Entered long SPY at $175.68, sized to risk 1.0% of equity (N=$1.89, stop 2.0N away) because price closed above its 20-day moving average, with volume above its 20-day average (volume confirmation).","Exited SPY at $173.44 (-1.27%, down, -0.6R) because price closed back below its 20-day moving average (trend exit)."
AAPL,2015-12-04,26.787799835205078,2015-12-09,26.020370483398438,65.83632898851812,-50.524731280987226,-2.864846521654493,trend_exit,atr_unit,68.57103330528186,-0.7368232451164686,"Entered long AAPL at $26.79, sized to risk 1.0% of equity (N=$0.52, stop 2.0N away) because price closed above its 20-day moving average, with volume above its 20-day average (volume confirmation).","Exited AAPL at $26.02 (-2.86%, down, -0.7R) because price closed back below its 20-day moving average (trend exit)."
MSFT,2015-12-14,48.06711196899414,2015-12-18,47.186668395996094,45.39989283633986,-39.97204386255544,-1.8316964280399872,trend_exit,atr_unit,81.57863318314593,-0.4899817795772242,"Entered long MSFT at $48.07, sized to risk 1.0% of equity (N=$0.90, stop 2.0N away) because price closed above its 20-day moving average, with volume above its 20-day average (volume confirmation).","Exited MSFT at $47.19 (-1.83%, down, -0.5R) because price closed back below its 20-day moving average (trend exit)."
SPY,2015-12-16,174.34375,2015-12-17,171.68710327148438,12.56183765105631,-33.37236489982297,-1.5237980876949273,trend_exit,atr_unit,55.34393900618262,-0.6029994521368428,"Entered long SPY at $174.34, sized to risk 1.0% of equity (N=$2.20, stop 2.0N away) because price closed above its 20-day moving average, with volume above its 20-day average (volume confirmation).","Exited SPY at $171.69 (-1.52%, down, -0.6R) because price closed back below its 20-day moving average (trend exit)."
SPY,2016-01-29,163.3172149658203,2016-02-02,160.3159637451172,13.272163935968697,-39.83309821419789,-1.8376820969738181,trend_exit,atr_unit,95.66742803522241,-0.4163705352205383,"Entered long SPY at $163.32, sized to risk 1.0% of equity (N=$3.60, stop 2.0N away) because price closed above its 20-day moving average, with volume above its 20-day average (volume confirmation).","Exited SPY at $160.32 (-1.84%, down, -0.4R) because price closed back below its 20-day moving average (trend exit)."
MSFT,2016-01-29,48.023521423339844,2016-02-03,45.469356536865234,38.502998208485174,-98.34300604810755,-5.318570589522124,trend_exit,atr_unit,108.37864252961037,-0.9074020835907687,"Entered long MSFT at $48.02, sized to risk 1.0% of equity (N=$1.41, stop 2.0N away) because price closed above its 20-day moving average, with volume above its 20-day average (volume confirmation).","Exited MSFT at $45.47 (-5.32%, down, -0.9R) because price closed back below its 20-day moving average (trend exit)."
SPY,2016-02-03,161.2770538330078,2016-02-05,158.45278930664062,13.268704870784136,-37.47433247739127,-1.7511880699975675,trend_exit,atr_unit,98.26011772735431,-0.38137886809145266,"Entered long SPY at $161.28, sized to risk 1.0% of equity (N=$3.70, stop 2.0N away) because price closed above its 20-day moving average, with volume above its 20-day average (volume confirmation).","Exited SPY at $158.45 (-1.75%, down, -0.4R) because price closed back below its 20-day moving average (trend exit)."
AAPL,2016-03-01,22.747121810913086,2016-04-18,24.319717407226562,93.74560794857194,147.42393023365412,6.913382754028306,trend_exit,atr_unit,94.29485521117383,1.5634355649997813,"Entered long AAPL at $22.75, sized to risk 1.0% of equity (N=$0.50, stop 2.0N away) because price closed above its 20-day moving average, with volume above its 20-day average (volume confirmation).","Exited AAPL at $24.32 (+6.91%, up, +1.6R) because price closed back below its 20-day moving average (trend exit)."
SPY,2016-03-10,168.2238006591797,2016-04-11,172.8878936767578,12.692365060722526,59.198371256268274,2.7725523970460917,trend_exit,atr_unit,58.72381060580289,1.0080812305190987,"Entered long SPY at $168.22, sized to risk 1.0% of equity (N=$2.31, stop 2.0N away) because price closed above its 20-day moving average, with volume above its 20-day average (volume confirmation).","Exited SPY at $172.89 (+2.77%, up, +1.0R) because price closed back below its 20-day moving average (trend exit)."
MSFT,2016-03-10,45.699249267578125,2016-04-11,47.68349838256836,46.484294981156495,92.23642117730469,4.3419731107004935,trend_exit,atr_unit,103.75187007237666,0.889009722070177,"Entered long MSFT at $45.70, sized to risk 1.0% of equity (N=$1.12, stop 2.0N away) because price closed above its 20-day moving average, with volume above its 20-day average (volume confirmation).","Exited MSFT at $47.68 (+4.34%, up, +0.9R) because price closed back below its 20-day moving average (trend exit)."
MSFT,2016-04-12,47.982017517089844,2016-04-22,45.462181091308594,43.0763505856779,-108.5453572955148,-5.251626663851213,stop_loss,atr_unit,71.36725948434315,-1.52094052762847,"Entered long MSFT at $47.98, sized to risk 1.0% of equity (N=$0.83, stop 2.0N away) because price closed above its 20-day moving average, with volume above its 20-day average (volume confirmation).","Exited MSFT at $45.46 (-5.25%, down, -1.5R) because price dropped 2.0N from entry (N = ATR-based volatility unit), triggering the stop-loss."
SPY,2016-04-12,174.49789428710938,2016-04-29,174.84532165527344,12.634948335734657,4.389726847173279,0.1991011808958705,trend_exit,atr_unit,42.04418244719219,0.10440747308350706,"Entered long SPY at $174.50, sized to risk 1.0% of equity (N=$1.66, stop 2.0N away) because price closed above its 20-day moving average, with volume above its 20-day average (volume confirmation).","Exited SPY at $174.85 (+0.20%, up, +0.1R) because price closed back below its 20-day moving average (trend exit)."
MSFT,2016-05-24,45.6121711730957,2016-06-10,45.51493453979492,47.60535019146016,-4.628983979722307,-0.21318133033346193,trend_exit,atr_unit,79.3945223490623,-0.058303568593444384,"Entered long MSFT at $45.61, sized to risk 1.0% of equity (N=$0.83, stop 2.0N away) because price closed above its 20-day moving average, with volume above its 20-day average (volume confirmation).","Exited MSFT at $45.51 (-0.21%, down, -0.1R) because price closed back below its 20-day moving average (trend exit)."
SPY,2016-05-24,176.1503448486328,2016-06-13,176.64186096191406,12.326875565040362,6.058857966630512,0.27903216068274694,trend_exit,atr_unit,44.551621017881104,0.13599635272976368,"Entered long SPY at $176.15, sized to risk 1.0% of equity (N=$1.81, stop 2.0N away) because price closed above its 20-day moving average, with volume above its 20-day average (volume confirmation).","Exited SPY at $176.64 (+0.28%, up, +0.1R) because price closed back below its 20-day moving average (trend exit)."
AAPL,2016-05-26,22.858301162719727,2016-06-13,22.15941047668457,94.50353291335635,-66.04763895056158,-3.0574918103493953,trend_exit,atr_unit,79.58019437721597,-0.8299507115739239,"Entered long AAPL at $22.86, sized to risk 1.0% of equity (N=$0.42, stop 2.0N away) because price closed above its 20-day moving average, with volume above its 20-day average (volume confirmation).","Exited AAPL at $22.16 (-3.06%, down, -0.8R) because price closed back below its 20-day moving average (trend exit)."
SPY,2016-06-23,179.57073974609375,2016-06-24,173.12254333496094,12.02010879805527,-77.50802241304564,-3.590894830778288,stop_loss,atr_unit,35.09512710382873,-2.208512372208786,"Entered long SPY at $179.57, sized to risk 1.0% of equity (N=$1.46, stop 2.0N away) because price closed above its 20-day moving average, with volume above its 20-day average (volume confirmation).","Exited SPY at $173.12 (-3.59%, down, -2.2R) because price dropped 2.0N from entry (N = ATR-based volatility unit), triggering the stop-loss."
SPY,2016-06-30,178.4378662109375,2016-08-25,185.43978881835938,12.009548588075138,84.08992976377476,3.924011621582979,trend_exit,atr_unit,52.100370082931725,1.6139987034626253,"Entered long SPY at $178.44, sized to risk 1.0% of equity (N=$2.17, stop 2.0N away) because price closed above its 20-day moving average, with volume above its 20-day average (volume confirmation).","Exited SPY at $185.44 (+3.92%, up, +1.6R) because price closed back below its 20-day moving average (trend exit)."
AAPL,2016-07-14,22.48950958251953,2016-07-26,22.006893157958984,95.89108342875765,-46.27861183162395,-2.1459624221226736,trend_exit,atr_unit,64.4846743151615,-0.7176683812566457,"Entered long AAPL at $22.49, sized to risk 1.0% of equity (N=$0.34, stop 2.0N away) because price closed above its 20-day moving average, with volume above its 20-day average (volume confirmation).","Exited AAPL at $22.01 (-2.15%, down, -0.7R) because price closed back below its 20-day moving average (trend exit)."
MSFT,2016-07-19,46.93836975097656,2016-08-31,51.118648529052734,44.57942840034677,186.35443848073555,8.90588829619333,trend_exit,atr_unit,75.71412317864758,2.4612903201828273,"Entered long MSFT at $46.94, sized to risk 1.0% of equity (N=$0.85, stop 2.0N away) because price closed above its 20-day moving average, with volume above its 20-day average (volume confirmation).","Exited MSFT at $51.12 (+8.91%, up, +2.5R) because price closed back below its 20-day moving average (trend exit)."
AAPL,2016-07-27,23.43653106689453,2016-08-25,24.620929718017578,89.09094191632933,105.5191914329821,5.053643168190872,trend_exit,atr_unit,62.26437389475849,1.6946960971828684,"Entered long AAPL at $23.44, sized to risk 1.0% of equity (N=$0.35, stop 2.0N away) because price closed above its 20-day moving average, with volume above its 20-day average (volume confirmation).","Exited AAPL at $24.62 (+5.05%, up, +1.7R) because price closed back below its 20-day moving average (trend exit)."
SPY,2016-08-29,186.0019073486328,2016-08-30,185.69525146484375,11.90295134913357,-3.6501100656664676,-0.16486706408568264,trend_exit,atr_unit,27.507409077477732,-0.1326955241544385,"Entered long SPY at $186.00, sized to risk 1.0% of equity (N=$1.16, stop 2.0N away) because price closed above its 20-day moving average, with volume above its 20-day average (volume confirmation).","Exited SPY at $185.70 (-0.16%, down, -0.1R) because price closed back below its 20-day moving average (trend exit)."
SPY,2016-09-02,186.01040649414062,2016-09-09,181.6747283935547,11.871191689688086,-51.46966583683843,-2.330879321379534,stop_loss,atr_unit,25.522717940814925,-2.0166216606002676,"Entered long SPY at $186.01, sized to risk 1.0% of equity (N=$1.07, stop 2.0N away) because price closed above its 20-day moving average, with volume above its 20-day average (volume confirmation).","Exited SPY at $181.67 (-2.33%, down, -2.0R) because price dropped 2.0N from entry (N = ATR-based volatility unit), triggering the stop-loss."
AAPL,2016-09-07,24.801748275756836,2016-09-08,24.151723861694336,89.08483360583435,-57.90731676648784,-2.6208814267254077,stop_loss,atr_unit,47.141666505295134,-1.2283680459192816,"Entered long AAPL at $24.80, sized to risk 1.0% of equity (N=$0.26, stop 2.0N away) because price closed above its 20-day moving average, with volume above its 20-day average (volume confirmation).","Exited AAPL at $24.15 (-2.62%, down, -1.2R) because price dropped 2.0N from entry (N = ATR-based volatility unit), triggering the stop-loss."
AAPL,2016-09-13,24.707901000976562,2016-10-26,26.456565856933594,88.48545229162396,154.73140068582552,7.077350908472218,trend_exit,atr_unit,62.84441617533082,2.4621344282065962,"Entered long AAPL at $24.71, sized to risk 1.0% of equity (N=$0.36, stop 2.0N away) because price closed above its 20-day moving average, with volume above its 20-day average (volume confirmation).","Exited AAPL at $26.46 (+7.08%, up, +2.5R) because price closed back below its 20-day moving average (trend exit)."
MSFT,2016-09-21,51.38554763793945,2016-09-26,50.62044143676758,41.22248903395483,-31.539581987618476,-1.488952120473218,trend_exit,atr_unit,59.007014807750906,-0.5345056361582889,"Entered long MSFT at $51.39, sized to risk 1.0% of equity (N=$0.72, stop 2.0N away) because price closed above its 20-day moving average, with volume above its 20-day average (volume confirmation).","Exited MSFT at $50.62 (-1.49%, down, -0.5R) because price closed back below its 20-day moving average (trend exit)."
SPY,2016-09-21,184.7669677734375,2016-09-26,183.41429138183594,11.955454099547287,-16.17186051133376,-0.7320986039345645,trend_exit,atr_unit,42.70539374906989,-0.3786842619074547,"Entered long SPY at $184.77, sized to risk 1.0% of equity (N=$1.79, stop 2.0N away) because price closed above its 20-day moving average, with volume above its 20-day average (volume confirmation).","Exited SPY at $183.41 (-0.73%, down, -0.4R) because price closed back below its 20-day moving average (trend exit)."
MSFT,2016-09-27,51.55457305908203,2016-10-04,50.92292785644531,42.626045932966875,-26.924537420930847,-1.2251972330618417,trend_exit,atr_unit,62.798485425156464,-0.4287450125372791,"Entered long MSFT at $51.55, sized to risk 1.0% of equity (N=$0.74, stop 2.0N away) because price closed above its 20-day moving average, with volume above its 20-day average (volume confirmation).","Exited MSFT at $50.92 (-1.23%, down, -0.4R) because price closed back below its 20-day moving average (trend exit)."
SPY,2016-09-30,185.1779022216797,2016-10-04,183.79095458984375,11.396490817697803,-15.806335950846005,-0.7489811771253345,trend_exit,atr_unit,43.818064705309,-0.36072647336546815,"Entered long SPY at $185.18, sized to risk 1.0% of equity (N=$1.92, stop 2.0N away) because price closed above its 20-day moving average, with volume above its 20-day average (volume confirmation).","Exited SPY at $183.79 (-0.75%, down, -0.4R) because price closed back below its 20-day moving average (trend exit)."
MSFT,2016-10-19,51.1809196472168,2016-10-20,50.93183135986328,43.08920445927464,-10.733016142186443,-0.48668192965356566,trend_exit,atr_unit,53.13087165625788,-0.20201091771326668,"Entered long MSFT at $51.18, sized to risk 1.0% of equity (N=$0.62, stop 2.0N away) because price closed above its 20-day moving average, with volume above its 20-day average (volume confirmation).","Exited MSFT at $50.93 (-0.49%, down, -0.2R) because price closed back below its 20-day moving average (trend exit)."
MSFT,2016-10-21,53.075862884521484,2016-11-04,52.230690002441406,41.47068061833683,-35.049894660022346,-1.59238651271472,trend_exit,atr_unit,62.83051367934556,-0.5578482907031268,"Entered long MSFT at $53.08, sized to risk 1.0% of equity (N=$0.76, stop 2.0N away) because price closed above its 20-day moving average, with volume above its 20-day average (volume confirmation).","Exited MSFT at $52.23 (-1.59%, down, -0.6R) because price closed back below its 20-day moving average (trend exit)."
MSFT,2016-11-07,53.75197982788086,2016-11-10,52.22179412841797,40.74251845351976,-62.34361909767904,-2.8467522579869544,trend_exit,atr_unit,68.94021969362687,-0.9043141924226034,"Entered long MSFT at $53.75, sized to risk 1.0% of equity (N=$0.85, stop 2.0N away) because price closed above its 20-day moving average, with volume above its 20-day average (volume confirmation).","Exited MSFT at $52.22 (-2.85%, down, -0.9R) because price closed back below its 20-day moving average (trend exit)."
SPY,2016-11-07,182.48114013671875,2016-12-30,192.49551391601562,12.001191073279516,120.18441320458214,5.4878952267581695,trend_exit,atr_unit,38.642323523574554,3.110175637633724,"Entered long SPY at $182.48, sized to risk 1.0% of equity (N=$1.61, stop 2.0N away) because price closed above its 20-day moving average, with volume above its 20-day average (volume confirmation).","Exited SPY at $192.50 (+5.49%, up, +3.1R) because price closed back below its 20-day moving average (trend exit)."
AAPL,2016-11-30,25.426008224487305,2016-12-01,25.189050674438477,86.22584683420797,-20.431865416719575,-0.931949474556603,trend_exit,atr_unit,84.137000573253,-0.24284043022107477,"Entered long AAPL at $25.43, sized to risk 1.0% of equity (N=$0.49, stop 2.0N away) because price closed above its 20-day moving average, with volume above its 20-day average (volume confirmation).","Exited AAPL at $25.19 (-0.93%, down, -0.2R) because price closed back below its 20-day moving average (trend exit)."
MSFT,2016-11-30,53.9718017578125,2016-12-01,53.02242660522461,39.288724106531106,-37.29973844362121,-1.759020676849031,trend_exit,atr_unit,74.57495638412321,-0.5001644017261834,"Entered long MSFT at $53.97, sized to risk 1.0% of equity (N=$0.95, stop 2.0N away) because price closed above its 20-day moving average, with volume above its 20-day average (volume confirmation).","Exited MSFT at $53.02 (-1.76%, down, -0.5R) because price closed back below its 20-day moving average (trend exit)."
MSFT,2016-12-07,54.965965270996094,2016-12-30,55.65562057495117,39.83381939984698,27.471604825892882,1.2546951564570972,trend_exit,atr_unit,80.03088180447324,0.34326255323551097,"Entered long MSFT at $54.97, sized to risk 1.0% of equity (N=$1.00, stop 2.0N away) because price closed above its 20-day moving average, with volume above its 20-day average (volume confirmation).","Exited MSFT at $55.66 (+1.25%, up, +0.3R) because price closed back below its 20-day moving average (trend exit)."
AAPL,2016-12-09,26.215106964111328,2017-04-11,32.72438430786133,78.3885307913846,510.2526874902087,24.83025284871524,trend_exit,atr_unit,67.89776456858341,7.515014532986625,"Entered long AAPL at $26.22, sized to risk 1.0% of equity (N=$0.43, stop 2.0N away) because price closed above its 20-day moving average, with volume above its 20-day average (volume confirmation).","Exited AAPL at $32.72 (+24.83%, up, +7.5R) because price closed back below its 20-day moving average (trend exit)."
SPY,2017-01-03,193.9681396484375,2017-01-19,194.54513549804688,11.359814524677557,6.554565833071592,0.2974693940227327,trend_exit,atr_unit,30.473429263637065,0.21509117915038656,"Entered long SPY at $193.97, sized to risk 1.0% of equity (N=$1.34, stop 2.0N away) because price closed above its 20-day moving average, with volume above its 20-day average (volume confirmation).","Exited SPY at $194.55 (+0.30%, up, +0.2R) because price closed back below its 20-day moving average (trend exit)."
SPY,2017-01-20,195.2598876953125,2017-03-21,202.15509033203125,11.36249316784193,78.34669285060227,3.5312949925886286,trend_exit,atr_unit,26.595441184944598,2.945869267810963,"Entered long SPY at $195.26, sized to risk 1.0% of equity (N=$1.17, stop 2.0N away) because price closed above its 20-day moving average, with volume above its 20-day average (volume confirmation).","Exited SPY at $202.16 (+3.53%, up, +2.9R) because price closed back below its 20-day moving average (trend exit)."
MSFT,2017-01-23,56.39006042480469,2017-02-02,56.57813262939453,39.32914867540417,7.396719696024775,0.3335201331104003,trend_exit,atr_unit,51.35825896210014,0.14402201019865546,"Entered long MSFT at $56.39, sized to risk 1.0% of equity (N=$0.65, stop 2.0N away) because price closed above its 20-day moving average, with volume above its 20-day average (volume confirmation).","Exited MSFT at $56.58 (+0.33%, up, +0.1R) because price closed back below its 20-day moving average (trend exit)."
MSFT,2017-02-03,57.03492736816406,2017-02-07,56.81101608276367,38.607424256422334,-8.644637991253603,-0.39258625500656663,trend_exit,atr_unit,58.47269984990172,-0.14784058224511987,"Entered long MSFT at $57.03, sized to risk 1.0% of equity (N=$0.76, stop 2.0N away) because price closed above its 20-day moving average, with volume above its 20-day average (volume confirmation).","Exited MSFT at $56.81 (-0.39%, down, -0.1R) because price closed back below its 20-day moving average (trend exit)."
MSFT,2017-03-01,58.51605224609375,2017-03-02,57.678043365478516,35.44828735434144,-29.705979605538687,-1.4321008483123976,trend_exit,atr_unit,41.748231501717704,-0.7115506103370259,"Entered long MSFT at $58.52, sized to risk 1.0% of equity (N=$0.59, stop 2.0N away) because price closed above its 20-day moving average, with volume above its 20-day average (volume confirmation).","Exited MSFT at $57.68 (-1.43%, down, -0.7R) because price closed back below its 20-day moving average (trend exit)."
MSFT,2017-03-08,58.56110763549805,2017-03-14,58.038482666015625,35.429598146090726,-18.516392649874888,-0.8924437917660248,trend_exit,atr_unit,42.30873278521637,-0.4376494267477785,"Entered long MSFT at $58.56, sized to risk 1.0% of equity (N=$0.60, stop 2.0N away) because price closed above its 20-day moving average, with volume above its 20-day average (volume confirmation).","Exited MSFT at $58.04 (-0.89%, down, -0.4R) because price closed back below its 20-day moving average (trend exit)."
MSFT,2017-03-15,58.3448486328125,2017-03-21,57.85826873779297,35.02888439117188,-17.044350889707857,-0.833972332470641,trend_exit,atr_unit,40.33841208687904,-0.42253400686666864,"Entered long MSFT at $58.34, sized to risk 1.0% of equity (N=$0.58, stop 2.0N away) because price closed above its 20-day moving average, with volume above its 20-day average (volume confirmation).","Exited MSFT at $57.86 (-0.83%, down, -0.4R) because price closed back below its 20-day moving average (trend exit)."
MSFT,2017-03-24,58.55210876464844,2017-04-12,58.77737808227539,39.241093950657024,8.839814457199736,0.3847330563830389,trend_exit,atr_unit,49.89194774415923,0.17717918134864957,"Entered long MSFT at $58.55, sized to risk 1.0% of equity (N=$0.64, stop 2.0N away) because price closed above its 20-day moving average, with volume above its 20-day average (volume confirmation).","Exited MSFT at $58.78 (+0.38%, up, +0.2R) because price closed back below its 20-day moving average (trend exit)."
SPY,2017-04-20,203.5475616455078,2017-04-21,202.89892578125,11.31432375944711,-7.338876170201729,-0.31866550452098114,trend_exit,atr_unit,34.69079234514603,-0.21155112564699297,"Entered long SPY at $203.55, sized to risk 1.0% of equity (N=$1.53, stop 2.0N away) because price closed above its 20-day moving average, with volume above its 20-day average (volume confirmation).","Exited SPY at $202.90 (-0.32%, down, -0.2R) because price closed back below its 20-day moving average (trend exit)."
MSFT,2017-04-20,59.02065658569336,2017-05-17,61.15330505371094,39.02028791495253,83.21655724342827,3.6133933293695906,trend_exit,atr_unit,46.55225998446085,1.7875943567767918,"Entered long MSFT at $59.02, sized to risk 1.0% of equity (N=$0.60, stop 2.0N away) because price closed above its 20-day moving average, with volume above its 20-day average (volume confirmation).","Exited MSFT at $61.15 (+3.61%, up, +1.8R) because price closed back below its 20-day moving average (trend exit)."
SPY,2017-04-24,205.1302947998047,2017-05-17,203.9627227783203,11.289460091795306,-13.181257740844558,-0.5691855620954759,trend_exit,atr_unit,34.84887120899887,-0.37824059384284503,"Entered long SPY at $205.13, sized to risk 1.0% of equity (N=$1.54, stop 2.0N away) because price closed above its 20-day moving average, with volume above its 20-day average (volume confirmation).","Exited SPY at $203.96 (-0.57%, down, -0.4R) because price closed back below its 20-day moving average (trend exit)."
AAPL,2017-04-28,33.19110870361328,2017-06-09,34.564720153808594,67.50626603431263,92.72737998466255,4.13849221627772,trend_exit,atr_unit,42.14507058182336,2.200195152233407,"Entered long AAPL at $33.19, sized to risk 1.0% of equity (N=$0.31, stop 2.0N away) because price closed above its 20-day moving average, with volume above its 20-day average (volume confirmation).","Exited AAPL at $34.56 (+4.14%, up, +2.2R) because price closed back below its 20-day moving average (trend exit)."
MSFT,2017-05-31,63.29206466674805,2017-06-12,63.237693786621094,36.32870757915885,-1.9752238049536572,-0.0859047345243552,trend_exit,atr_unit,53.91018338919744,-0.03663915944588409,"Entered long MSFT at $63.29, sized to risk 1.0% of equity (N=$0.74, stop 2.0N away) because price closed above its 20-day moving average, with volume above its 20-day average (volume confirmation).","Exited MSFT at $63.24 (-0.09%, down, -0.0R) because price closed back below its 20-day moving average (trend exit)."
SPY,2017-05-31,208.82354736328125,2017-06-27,209.74627685546875,11.23402166283817,10.36596310417417,0.44187042306214036,trend_exit,atr_unit,25.903916714854386,0.40016972021184327,"Entered long SPY at $208.82, sized to risk 1.0% of equity (N=$1.15, stop 2.0N away) because price closed above its 20-day moving average, with volume above its 20-day average (volume confirmation).","Exited SPY at $209.75 (+0.44%, up, +0.4R) because price closed back below its 20-day moving average (trend exit)."
SPY,2017-06-28,211.6235809326172,2017-06-29,209.76365661621094,11.037361295621757,-20.52865666268781,-0.8788833022339161,trend_exit,atr_unit,28.26427849703312,-0.726311010020747,"Entered long SPY at $211.62, sized to risk 1.0% of equity (N=$1.28, stop 2.0N away) because price closed above its 20-day moving average, with volume above its 20-day average (volume confirmation).","Exited SPY at $209.76 (-0.88%, down, -0.7R) because price closed back below its 20-day moving average (trend exit)."
MSFT,2017-07-14,65.9564208984375,2017-08-02,65.48519897460938,35.35152693752741,-16.658414533763334,-0.7144443519058327,trend_exit,atr_unit,72.66027112207146,-0.22926441474154,"Entered long MSFT at $65.96, sized to risk 1.0% of equity (N=$1.03, stop 2.0N away) because price closed above its 20-day moving average, with volume above its 20-day average (volume confirmation).","Exited MSFT at $65.49 (-0.71%, down, -0.2R) because price closed back below its 20-day moving average (trend exit)."
AAPL,2017-07-17,34.69929504394531,2017-09-08,36.94813919067383,67.30143169962447,151.35043074414943,6.4809505319357115,trend_exit,atr_unit,70.99942705359925,2.1317134098827473,"Entered long AAPL at $34.70, sized to risk 1.0% of equity (N=$0.53, stop 2.0N away) because price closed above its 20-day moving average, with volume above its 20-day average (volume confirmation).","Exited AAPL at $36.95 (+6.48%, up, +2.1R) because price closed back below its 20-day moving average (trend exit)."
SPY,2017-07-21,214.56991577148438,2017-08-10,211.8582305908203,10.76866073654701,-29.201217734893362,-1.2637769702775996,stop_loss,atr_unit,29.051395773009006,-1.0051571347227162,"Entered long SPY at $214.57, sized to risk 1.0% of equity (N=$1.35, stop 2.0N away) because price closed above its 20-day moving average, with volume above its 20-day average (volume confirmation).","Exited SPY at $211.86 (-1.26%, down, -1.0R) because price dropped 2.0N from entry (N = ATR-based volatility unit), triggering the stop-loss."
MSFT,2017-08-31,68.12085723876953,2017-09-25,66.74517822265625,31.830875640927307,-43.789067683735084,-2.0194681509826085,trend_exit,atr_unit,56.81356540722138,-0.770750213789068,"Entered long MSFT at $68.12, sized to risk 1.0% of equity (N=$0.89, stop 2.0N away) because price closed above its 20-day moving average, with volume above its 20-day average (volume confirmation).","Exited MSFT at $66.75 (-2.02%, down, -0.8R) because price closed back below its 20-day moving average (trend exit)."
SPY,2017-08-31,215.10006713867188,2017-11-15,223.98487854003906,11.016241017523905,97.87722379270508,4.130547944292029,trend_exit,atr_unit,33.45338214866939,2.925779622452857,"Entered long SPY at $215.10, sized to risk 1.0% of equity (N=$1.52, stop 2.0N away) because price closed above its 20-day moving average, with volume above its 20-day average (volume confirmation).","Exited SPY at $223.98 (+4.13%, up, +2.9R) because price closed back below its 20-day moving average (trend exit)."
AAPL,2017-09-11,37.61661911010742,2017-09-13,37.18571090698242,62.63173362469931,-26.988527794822858,-1.1455261353065536,trend_exit,atr_unit,68.8270559867319,-0.39212090954501316,"Entered long AAPL at $37.62, sized to risk 1.0% of equity (N=$0.55, stop 2.0N away) because price closed above its 20-day moving average, with volume above its 20-day average (volume confirmation).","Exited AAPL at $37.19 (-1.15%, down, -0.4R) because price closed back below its 20-day moving average (trend exit)."
MSFT,2017-10-05,69.21415710449219,2017-11-17,75.4493637084961,34.02125919094841,212.1295799839304,9.008571172210699,trend_exit,atr_unit,57.46612751379297,3.6913846323299797,"Entered long MSFT at $69.21, sized to risk 1.0% of equity (N=$0.84, stop 2.0N away) because price closed above its 20-day moving average, with volume above its 20-day average (volume confirmation).","Exited MSFT at $75.45 (+9.01%, up, +3.7R) because price closed back below its 20-day moving average (trend exit)."
AAPL,2017-10-19,36.33088684082031,2017-11-29,39.61723327636719,61.401206875809095,201.78563735459147,9.045599271896752,trend_exit,atr_unit,58.80819359851707,3.4312503922868287,"Entered long AAPL at $36.33, sized to risk 1.0% of equity (N=$0.48, stop 2.0N away) because price closed above its 20-day moving average, with volume above its 20-day average (volume confirmation).","Exited AAPL at $39.62 (+9.05%, up, +3.4R) because price closed back below its 20-day moving average (trend exit)."
SPY,2017-11-16,225.88894653320312,2018-02-02,241.81878662109375,10.20052693262199,162.49276284888992,7.052067103048408,trend_exit,atr_unit,26.853328979096382,6.051121742685246,"Entered long SPY at $225.89, sized to risk 1.0% of equity (N=$1.32, stop 2.0N away) because price closed above its 20-day moving average, with volume above its 20-day average (volume confirmation).","Exited SPY at $241.82 (+7.05%, up, +6.1R) because price closed back below its 20-day moving average (trend exit)."
MSFT,2017-11-28,77.72015380859375,2017-11-29,76.31007385253906,31.637094841834738,-44.61083330427209,-1.814304124419747,trend_exit,atr_unit,53.77807818364847,-0.8295356548802123,"Entered long MSFT at $77.72, sized to risk 1.0% of equity (N=$0.85, stop 2.0N away) because price closed above its 20-day moving average, with volume above its 20-day average (volume confirmation).","Exited MSFT at $76.31 (-1.81%, down, -0.8R) because price closed back below its 20-day moving average (trend exit)."
MSFT,2017-11-30,77.07003784179688,2017-12-04,74.24072265625,31.70396331368863,-89.70050484544026,-3.6710961416090955,stop_loss,atr_unit,56.21596616285102,-1.5956410779384007,"Entered long MSFT at $77.07, sized to risk 1.0% of equity (N=$0.89, stop 2.0N away) because price closed above its 20-day moving average, with volume above its 20-day average (volume confirmation).","Exited MSFT at $74.24 (-3.67%, down, -1.6R) because price dropped 2.0N from entry (N = ATR-based volatility unit), triggering the stop-loss."
MSFT,2017-12-08,77.0608901977539,2018-02-05,80.57699584960938,31.486483902481535,110.70980400657163,4.562762826684751,trend_exit,atr_unit,70.656755499245,1.566867926843239,"Entered long MSFT at $77.06, sized to risk 1.0% of equity (N=$1.12, stop 2.0N away) because price closed above its 20-day moving average, with volume above its 20-day average (volume confirmation).","Exited MSFT at $80.58 (+4.56%, up, +1.6R) because price closed back below its 20-day moving average (trend exit)."
AAPL,2017-12-11,40.3629150390625,2017-12-26,39.87202835083008,60.3021807200612,-29.6015377868639,-1.2161824480648897,trend_exit,atr_unit,76.75312093493338,-0.3856721059194229,"Entered long AAPL at $40.36, sized to risk 1.0% of equity (N=$0.64, stop 2.0N away) because price closed above its 20-day moving average, with volume above its 20-day average (volume confirmation).","Exited AAPL at $39.87 (-1.22%, down, -0.4R) because price closed back below its 20-day moving average (trend exit)."
AAPL,2018-01-03,40.26005935668945,2018-01-24,40.72523880004883,60.14794604721963,27.979588061455615,1.1554365562108457,trend_exit,atr_unit,66.09645630002639,0.4233144956281785,"Entered long AAPL at $40.26, sized to risk 1.0% of equity (N=$0.55, stop 2.0N away) because price closed above its 20-day moving average, with volume above its 20-day average (volume confirmation).","Exited AAPL at $40.73 (+1.16%, up, +0.4R) because price closed back below its 20-day moving average (trend exit)."
MSFT,2018-02-06,83.62609100341797,2018-02-07,82.05118560791016,29.517285157030962,-46.48693165455097,-1.8832703724528304,trend_exit,atr_unit,112.19076544811321,-0.4143561323329288,"Entered long MSFT at $83.63, sized to risk 1.0% of equity (N=$1.90, stop 2.0N away) because price closed above its 20-day moving average, with volume above its 20-day average (volume confirmation).","Exited MSFT at $82.05 (-1.88%, down, -0.4R) because price closed back below its 20-day moving average (trend exit)."
AAPL,2018-02-15,40.60258483886719,2018-03-19,41.144775390625,56.609683134254226,30.693235333395933,1.335359691777051,trend_exit,atr_unit,122.95588941923995,0.24962802089733085,"Entered long AAPL at $40.60, sized to risk 1.0% of equity (N=$1.09, stop 2.0N away) because price closed above its 20-day moving average, with volume above its 20-day average (volume confirmation).","Exited AAPL at $41.14 (+1.34%, up, +0.2R) because price closed back below its 20-day moving average (trend exit)."
MSFT,2018-03-09,88.81183624267578,2018-03-19,85.45405578613281,27.898228793204137,-93.67612741398534,-3.7807803538347415,trend_exit,atr_unit,107.16953352527146,-0.8740928912590231,"Entered long MSFT at $88.81, sized to risk 1.0% of equity (N=$1.92, stop 2.0N away) because price closed above its 20-day moving average, with volume above its 20-day average (volume confirmation).","Exited MSFT at $85.45 (-3.78%, down, -0.9R) because price closed back below its 20-day moving average (trend exit)."
MSFT,2018-03-26,86.27278900146484,2018-03-27,82.30781555175781,28.357970552304064,-112.43860032745943,-4.595856347752603,trend_exit,atr_unit,117.49971676612428,-0.956926564778546,"Entered long MSFT at $86.27, sized to risk 1.0% of equity (N=$2.07, stop 2.0N away) because price closed above its 20-day moving average, with volume above its 20-day average (volume confirmation).","Exited MSFT at $82.31 (-4.60%, down, -1.0R) because price closed back below its 20-day moving average (trend exit)."
AAPL,2018-04-19,40.55800247192383,2018-04-20,38.896244049072266,59.76708274972913,-99.31845316862882,-4.097239315476423,trend_exit,atr_unit,119.9108994548287,-0.8282687697296675,"Entered long AAPL at $40.56, sized to risk 1.0% of equity (N=$1.00, stop 2.0N away) because price closed above its 20-day moving average, with volume above its 20-day average (volume confirmation).","Exited AAPL at $38.90 (-4.10%, down, -0.8R) because price closed back below its 20-day moving average (trend exit)."
MSFT,2018-04-24,85.6656494140625,2018-04-25,84.92044830322266,24.002314148823793,-17.88655116643031,-0.8698948947879157,trend_exit,atr_unit,120.20848996347323,-0.14879607232288958,"Entered long MSFT at $85.67, sized to risk 1.0% of equity (N=$2.50, stop 2.0N away) because price closed above its 20-day moving average, with volume above its 20-day average (volume confirmation).","Exited MSFT at $84.92 (-0.87%, down, -0.1R) because price closed back below its 20-day moving average (trend exit)."
MSFT,2018-04-26,86.71440124511719,2018-05-02,86.02442932128906,25.428572252541883,-17.545000917289144,-0.7956832013148183,trend_exit,atr_unit,120.02962445180893,-0.14617225536961787,"Entered long MSFT at $86.71, sized to risk 1.0% of equity (N=$2.36, stop 2.0N away) because price closed above its 20-day moving average, with volume above its 20-day average (volume confirmation).","Exited MSFT at $86.02 (-0.80%, down, -0.1R) because price closed back below its 20-day moving average (trend exit)."
AAPL,2018-05-02,41.44285583496094,2018-06-15,44.49367141723633,57.84069269740228,176.46128657083727,7.361499396722899,trend_exit,atr_unit,104.1807694068065,1.6937990338868474,"Entered long AAPL at $41.44, sized to risk 1.0% of equity (N=$0.90, stop 2.0N away) because price closed above its 20-day moving average, with volume above its 20-day average (volume confirmation).","Exited AAPL at $44.49 (+7.36%, up, +1.7R) because price closed back below its 20-day moving average (trend exit)."
MSFT,2018-05-03,86.53955841064453,2018-06-22,92.77240753173828,26.598068206599386,165.78174604429478,7.202312139747523,trend_exit,atr_unit,119.89760835818431,1.3826943532437723,"Entered long MSFT at $86.54, sized to risk 1.0% of equity (N=$2.25, stop 2.0N away) because price closed above its 20-day moving average, with volume above its 20-day average (volume confirmation).","Exited MSFT at $92.77 (+7.20%, up, +1.4R) because price closed back below its 20-day moving average (trend exit)."
SPY,2018-05-04,234.4754180908203,2018-05-29,237.11961364746094,10.329994217084582,27.31452480893813,1.1277069375419295,trend_exit,atr_unit,64.30003924769593,0.42479794924723774,"Entered long SPY at $234.48, sized to risk 1.0% of equity (N=$3.11, stop 2.0N away) because price closed above its 20-day moving average, with volume above its 20-day average (volume confirmation).","Exited SPY at $237.12 (+1.13%, up, +0.4R) because price closed back below its 20-day moving average (trend exit)."
SPY,2018-05-31,238.81198120117188,2018-06-21,242.80613708496094,10.041562703593842,40.10756675499624,1.6725106771022686,trend_exit,atr_unit,46.7502037777505,0.8579121268789925,"Entered long SPY at $238.81, sized to risk 1.0% of equity (N=$2.33, stop 2.0N away) because price closed above its 20-day moving average, with volume above its 20-day average (volume confirmation).","Exited SPY at $242.81 (+1.67%, up, +0.9R) because price closed back below its 20-day moving average (trend exit)."
SPY,2018-07-11,245.12574768066406,2018-08-13,249.76512145996094,10.113244068175392,46.91911935352255,1.8926505367933801,trend_exit,atr_unit,45.0715080304073,1.0409928889414741,"Entered long SPY at $245.13, sized to risk 1.0% of equity (N=$2.23, stop 2.0N away) because price closed above its 20-day moving average, with volume above its 20-day average (volume confirmation).","Exited SPY at $249.77 (+1.89%, up, +1.0R) because price closed back below its 20-day moving average (trend exit)."
MSFT,2018-07-17,97.89102172851562,2018-08-16,99.83521270751953,25.390290235183464,49.36357322953472,1.9860769094798039,trend_exit,atr_unit,79.54965852319931,0.6205378394570816,"Entered long MSFT at $97.89, sized to risk 1.0% of equity (N=$1.57, stop 2.0N away) because price closed above its 20-day moving average, with volume above its 20-day average (volume confirmation).","Exited MSFT at $99.84 (+1.99%, up, +0.6R) because price closed back below its 20-day moving average (trend exit)."
AAPL,2018-07-19,45.20993423461914,2018-07-30,44.74577331542969,54.763395273780446,-25.41902788821335,-1.0266790408954536,trend_exit,atr_unit,74.85111550805706,-0.33959450992386636,"Entered long AAPL at $45.21, sized to risk 1.0% of equity (N=$0.68, stop 2.0N away) because price closed above its 20-day moving average, with volume above its 20-day average (volume confirmation).","Exited AAPL at $44.75 (-1.03%, down, -0.3R) because price closed back below its 20-day moving average (trend exit)."
AAPL,2018-08-01,47.4765510559082,2018-09-10,51.62238693237305,51.39120146093015,213.05948675135687,8.73238637655613,trend_exit,atr_unit,73.06321359286336,2.9160979414155963,"Entered long AAPL at $47.48, sized to risk 1.0% of equity (N=$0.71, stop 2.0N away) because price closed above its 20-day moving average, with volume above its 20-day average (volume confirmation).","Exited AAPL at $51.62 (+8.73%, up, +2.9R) because price closed back below its 20-day moving average (trend exit)."
SPY,2018-08-16,251.50050354003906,2018-10-04,257.4239196777344,10.03427703927448,59.43719854454412,2.355230329291289,trend_exit,atr_unit,37.98833143675802,1.5646172468378512,"Entered long SPY at $251.50, sized to risk 1.0% of equity (N=$1.89, stop 2.0N away) because price closed above its 20-day moving average, with volume above its 20-day average (volume confirmation).","Exited SPY at $257.42 (+2.36%, up, +1.6R) because price closed back below its 20-day moving average (trend exit)."
MSFT,2018-08-29,103.89762115478516,2018-09-05,100.62358093261719,22.925189859940197,-75.05799370228169,-3.151217694667283,stop_loss,atr_unit,59.9873738000997,-1.2512298663449233,"Entered long MSFT at $103.90, sized to risk 1.0% of equity (N=$1.31, stop 2.0N away) because price closed above its 20-day moving average, with volume above its 20-day average (volume confirmation).","Exited MSFT at $100.62 (-3.15%, down, -1.3R) because price dropped 2.0N from entry (N = ATR-based volatility unit), triggering the stop-loss."
MSFT,2018-09-11,103.17418670654297,2018-10-04,104.61177825927734,24.147067454227802,34.71362019550497,1.3933635908595028,trend_exit,atr_unit,73.3775824419379,0.4730820918360606,"Entered long MSFT at $103.17, sized to risk 1.0% of equity (N=$1.52, stop 2.0N away) because price closed above its 20-day moving average, with volume above its 20-day average (volume confirmation).","Exited MSFT at $104.61 (+1.39%, up, +0.5R) because price closed back below its 20-day moving average (trend exit)."
AAPL,2018-09-11,52.92754364013672,2018-09-17,51.51598358154297,47.794698376139074,-67.46508724029354,-2.66696687870343,trend_exit,atr_unit,86.98119080305652,-0.775628461940105,"Entered long AAPL at $52.93, sized to risk 1.0% of equity (N=$0.91, stop 2.0N away) because price closed above its 20-day moving average, with volume above its 20-day average (volume confirmation).","Exited AAPL at $51.52 (-2.67%, down, -0.8R) because price closed back below its 20-day moving average (trend exit)."
AAPL,2018-11-01,52.54214096069336,2018-11-02,49.056983947753906,38.05894672572318,-132.64140508624314,-6.6330700447602435,stop_loss,atr_unit,126.30633457686343,-1.050156395802338,"Entered long AAPL at $52.54, sized to risk 1.0% of equity (N=$1.66, stop 2.0N away) because price closed above its 20-day moving average, with volume above its 20-day average (volume confirmation).","Exited AAPL at $49.06 (-6.63%, down, -1.1R) because price dropped 2.0N from entry (N = ATR-based volatility unit), triggering the stop-loss."
SPY,2018-11-15,242.82020568847656,2018-11-19,239.333740234375,10.29402970577684,-35.889778952686356,-1.4358218024798495,trend_exit,atr_unit,97.81610104456378,-0.36691074955375114,"Entered long SPY at $242.82, sized to risk 1.0% of equity (N=$4.75, stop 2.0N away) because price closed above its 20-day moving average, with volume above its 20-day average (volume confirmation).","Exited SPY at $239.33 (-1.44%, down, -0.4R) because price closed back below its 20-day moving average (trend exit)."
SPY,2018-11-28,244.2076873779297,2018-12-04,240.3565216064453,10.206150680556895,-39.30557815957263,-1.5770043166267764,trend_exit,atr_unit,79.53470987374803,-0.4941940219806623,"Entered long SPY at $244.21, sized to risk 1.0% of equity (N=$3.90, stop 2.0N away) because price closed above its 20-day moving average, with volume above its 20-day average (volume confirmation).","Exited SPY at $240.36 (-1.58%, down, -0.5R) because price closed back below its 20-day moving average (trend exit)."
MSFT,2018-11-28,103.50811004638672,2018-12-07,97.63966369628906,21.619892981124302,-126.87518205458082,-5.669552219113784,stop_loss,atr_unit,124.62102273647412,-1.0180881144176885,"Entered long MSFT at $103.51, sized to risk 1.0% of equity (N=$2.88, stop 2.0N away) because price closed above its 20-day moving average, with volume above its 20-day average (volume confirmation).","Exited MSFT at $97.64 (-5.67%, down, -1.0R) because price dropped 2.0N from entry (N = ATR-based volatility unit), triggering the stop-loss."
MSFT,2018-12-10,100.21994018554688,2018-12-14,98.7668228149414,19.555354106232276,-28.416224740107054,-1.449928395402324,trend_exit,atr_unit,122.9592151343326,-0.23110284746907672,"Entered long MSFT at $100.22, sized to risk 1.0% of equity (N=$3.14, stop 2.0N away) because price closed above its 20-day moving average, with volume above its 20-day average (volume confirmation).","Exited MSFT at $98.77 (-1.45%, down, -0.2R) because price closed back below its 20-day moving average (trend exit)."
